trade_date,ts_code,open,high,low,close,pre_close,change,pct_change,vol,amount
20150611,603066.SH,14.92,17.9,14.92,17.9,12.43,5.47,44.01,57.0,101.732
20150612,603066.SH,19.69,19.69,19.69,19.69,17.9,1.79,10.0,23.0,45.287
20150615,603066.SH,21.66,21.66,21.66,21.66,19.69,1.97,10.01,27.0,58.482
20150616,603066.SH,23.83,23.83,23.83,23.83,21.66,2.17,10.02,77.0,183.491
20150617,603066.SH,26.21,26.21,26.21,26.21,23.83,2.38,9.99,123.0,322.383
20150618,603066.SH,28.83,28.83,28.83,28.83,26.21,2.62,10.0,62.0,178.746
20150619,603066.SH,31.71,31.71,31.71,31.71,28.83,2.88,9.99,714.0,2264.094
20150623,603066.SH,34.88,34.88,34.88,34.88,31.71,3.17,10.0,351.99,1227.741
20150624,603066.SH,38.37,38.37,38.37,38.37,34.88,3.49,10.01,114.0,437.418
20150625,603066.SH,42.21,42.21,42.21,42.21,38.37,3.84,10.01,365.0,1540.665
20150626,603066.SH,46.43,46.43,44.0,46.43,42.21,4.22,10.0,76122.88,352025.321
20150629,603066.SH,44.0,44.0,41.79,41.79,46.43,-4.64,-9.99,26482.0,111752.044
20150630,603066.SH,37.61,41.79,37.61,40.51,41.79,-1.28,-3.06,107814.16,417938.65
20150701,603066.SH,39.5,43.88,36.46,36.46,40.51,-4.05,-10.0,87441.9,348839.605
20150702,603066.SH,33.58,35.81,32.81,32.81,36.46,-3.65,-10.01,48314.08,161941.537
20150703,603066.SH,30.12,32.58,29.53,29.53,32.81,-3.28,-10.0,44162.2,133968.517
20150706,603066.SH,32.48,32.48,26.58,26.77,29.53,-2.76,-9.35,62704.8,188208.028
20150707,603066.SH,25.4,25.55,24.09,24.09,26.77,-2.68,-10.01,30980.0,75622.182
20150708,603066.SH,21.68,21.68,21.68,21.68,24.09,-2.41,-10.0,7945.0,17224.76
20150709,603066.SH,19.88,23.85,19.88,23.85,21.68,2.17,10.01,36225.78,81680.13
20150710,603066.SH,26.24,26.24,26.24,26.24,23.85,2.39,10.02,7667.0,20118.208
20150713,603066.SH,28.86,28.86,28.86,28.86,26.24,2.62,9.98,1680.0,4848.48
20150714,603066.SH,31.75,31.75,30.06,31.75,28.86,2.89,10.01,41923.05,132783.508
20150715,603066.SH,32.0,33.2,28.58,28.58,31.75,-3.17,-9.98,71008.94,217324.157
20150716,603066.SH,26.0,30.76,26.0,29.58,28.58,1.0,3.5,50352.61,146024.958
20150717,603066.SH,29.26,32.54,29.26,31.95,29.58,2.37,8.01,69286.04,214231.811
20150720,603066.SH,31.88,35.08,30.5,33.47,31.95,1.52,4.76,68646.83,220844.261
20150721,603066.SH,32.3,34.36,31.7,33.49,33.47,0.02,0.06,43514.9,145014.683
20150722,603066.SH,33.18,34.48,32.3,33.45,33.49,-0.04,-0.12,36783.56,123077.26
20150723,603066.SH,33.61,36.8,32.8,36.8,33.45,3.35,10.01,49535.62,174214.226
20150724,603066.SH,38.45,39.9,35.21,36.72,36.8,-0.08,-0.22,76037.77,290420.412
20150727,603066.SH,34.8,37.45,33.05,33.05,36.72,-3.67,-9.99,56291.71,199478.042
20150728,603066.SH,30.5,33.5,29.75,32.57,33.05,-0.48,-1.45,49448.43,153772.261
20150729,603066.SH,33.18,35.83,31.01,35.83,32.57,3.26,10.01,40933.95,136734.898
20150730,603066.SH,35.83,39.38,34.88,36.7,35.83,0.87,2.43,61174.72,228751.703
20150731,603066.SH,35.1,40.37,35.1,40.37,36.7,3.67,10.0,100564.71,391951.199
20150803,603066.SH,39.97,44.0,37.0,43.58,40.37,3.21,7.95,115418.24,460325.056
20150804,603066.SH,42.0,43.8,39.22,39.22,43.58,-4.36,-10.0,100100.34,403295.185
20150805,603066.SH,37.55,42.35,37.51,40.47,39.22,1.25,3.19,84888.64,340836.419
20150806,603066.SH,39.04,40.15,36.47,37.98,40.47,-2.49,-6.15,62210.84,237166.042
20150807,603066.SH,37.68,39.66,36.8,38.18,37.98,0.2,0.53,45078.2,172770.776
20150810,603066.SH,37.9,40.22,37.66,39.69,38.18,1.51,3.96,47277.38,185028.755
20150811,603066.SH,39.97,42.86,39.5,41.28,39.69,1.59,4.01,56124.99,230894.972
20150812,603066.SH,40.6,45.41,40.03,45.41,41.28,4.13,10.0,100996.43,445107.742
20150813,603066.SH,45.0,47.99,43.97,45.56,45.41,0.15,0.33,109325.48,500496.413
20150814,603066.SH,45.6,50.12,44.59,48.64,45.56,3.08,6.76,118826.56,574793.6
20150817,603066.SH,47.22,47.8,43.78,43.78,48.64,-4.86,-9.99,86080.61,383108.358
20150818,603066.SH,42.01,44.92,39.4,39.4,43.78,-4.38,-10.0,57502.91,244461.511
20150819,603066.SH,37.3,40.0,35.46,38.98,39.4,-0.42,-1.07,53567.39,200700.317
20150820,603066.SH,38.3,39.0,35.6,35.7,38.98,-3.28,-8.41,32495.76,122940.673
20150821,603066.SH,34.88,35.71,32.13,32.32,35.7,-3.38,-9.47,32365.37,110014.218
20150824,603066.SH,30.11,31.2,29.09,29.09,32.32,-3.23,-9.99,22221.99,65607.457
20150825,603066.SH,26.91,30.77,26.18,26.21,29.09,-2.88,-9.9,48567.4,134481.099
20150826,603066.SH,27.0,28.83,26.55,28.83,26.21,2.62,10.0,55847.16,159174.256
20150827,603066.SH,30.9,31.71,28.99,31.71,28.83,2.88,9.99,92765.35,285925.942
20150828,603066.SH,30.89,33.98,29.85,33.14,31.71,1.43,4.51,89788.18,283736.087
20150831,603066.SH,32.01,32.95,29.83,29.83,33.14,-3.31,-9.99,52283.38,164620.456
20150901,603066.SH,28.7,31.3,27.0,27.84,29.83,-1.99,-6.67,47430.08,137781.812
20150902,603066.SH,26.01,30.02,25.8,27.2,27.84,-0.64,-2.3,49547.56,140191.673
20150907,603066.SH,27.96,29.3,27.5,28.41,27.2,1.21,4.45,34302.0,97612.045
20150908,603066.SH,27.93,31.25,27.56,31.25,28.41,2.84,10.0,55857.33,171377.33
20150909,603066.SH,32.23,33.66,31.51,32.95,31.25,1.7,5.44,67628.18,221137.258
20150910,603066.SH,31.9,32.95,31.13,31.28,32.95,-1.67,-5.07,41970.68,133575.691
20150911,603066.SH,31.4,33.47,31.4,32.81,31.28,1.53,4.89,42502.33,138719.416
20150914,603066.SH,32.71,32.75,29.53,29.53,32.81,-3.28,-10.0,37922.13,117926.23
20150915,603066.SH,28.5,29.08,26.58,26.59,29.53,-2.94,-9.96,34722.87,95479.072
20150916,603066.SH,27.1,29.25,27.1,29.25,26.59,2.66,10.0,34902.99,98725.378
20150917,603066.SH,29.55,30.7,28.19,28.29,29.25,-0.96,-3.28,38993.53,116082.78
20150918,603066.SH,28.55,29.8,28.35,29.06,28.29,0.77,2.72,23139.21,66999.575
20150921,603066.SH,28.99,31.5,28.5,31.33,29.06,2.27,7.81,34758.51,104250.414
20150922,603066.SH,31.2,31.97,30.34,31.34,31.33,0.01,0.03,37855.24,117910.854
20150923,603066.SH,30.54,32.46,30.31,31.58,31.34,0.24,0.77,34561.13,109447.947
20150924,603066.SH,32.1,34.74,31.99,34.74,31.58,3.16,10.01,23313.05,79925.28
20150925,603066.SH,35.01,36.5,31.27,31.93,34.74,-2.81,-8.09,68584.08,233376.47
20150928,603066.SH,31.29,33.59,31.21,33.43,31.93,1.5,4.7,36052.88,117759.6
20150929,603066.SH,32.6,36.77,31.73,36.77,33.43,3.34,9.99,73345.42,255503.451
20150930,603066.SH,36.78,37.18,34.46,34.99,36.77,-1.78,-4.84,64363.77,230448.21
20151008,603066.SH,35.8,37.49,34.99,36.2,34.99,1.21,3.46,58818.36,214166.854
20151009,603066.SH,35.81,36.88,35.34,35.92,36.2,-0.28,-0.77,41210.81,148412.17
20151012,603066.SH,36.05,37.95,35.99,37.31,35.92,1.39,3.87,54968.41,203272.487
20151013,603066.SH,36.71,39.39,36.51,38.17,37.31,0.86,2.31,50926.48,193872.305
20151014,603066.SH,38.0,38.88,36.5,36.61,38.17,-1.56,-4.09,43196.45,161798.792
20151015,603066.SH,36.88,38.99,36.88,38.54,36.61,1.93,5.27,45504.83,172192.025
20151016,603066.SH,38.55,38.78,37.05,37.93,38.54,-0.61,-1.58,43364.48,164089.656
20151019,603066.SH,38.0,38.09,36.7,37.24,37.93,-0.69,-1.82,31167.35,116251.924
20151020,603066.SH,37.16,38.2,36.58,38.15,37.24,0.91,2.44,38110.13,143461.677
20151021,603066.SH,37.91,37.98,34.34,34.34,38.15,-3.81,-9.99,41780.65,151437.394
20151022,603066.SH,34.34,35.85,33.4,35.36,34.34,1.02,2.97,26277.64,91201.021
20151023,603066.SH,35.33,36.8,35.03,36.34,35.36,0.98,2.77,23298.09,84156.184
20151026,603066.SH,36.38,37.3,35.87,36.42,36.34,0.08,0.22,27813.83,101976.333
20151027,603066.SH,36.42,38.33,36.42,37.82,36.42,1.4,3.84,44344.76,166420.974
20151028,603066.SH,37.15,40.45,37.12,38.88,37.82,1.06,2.8,59800.69,230954.735
20151029,603066.SH,38.7,41.58,38.41,39.81,38.88,0.93,2.39,47952.11,193054.199
20151030,603066.SH,39.0,41.38,37.5,40.21,39.81,0.4,1.0,45438.82,178397.166
20151102,603066.SH,39.22,44.02,38.18,41.19,40.21,0.98,2.44,46081.89,193666.241
20151103,603066.SH,41.23,45.31,41.15,45.31,41.19,4.12,10.0,65151.63,287565.457
20151104,603066.SH,45.31,47.39,44.15,46.65,45.31,1.34,2.96,82068.29,372650.443
20151105,603066.SH,46.0,48.12,44.5,45.27,46.53,-1.26,-2.71,47443.08,218303.091
20151106,603066.SH,45.49,49.79,44.33,49.7,45.27,4.43,9.79,63063.2,298019.53
20151109,603066.SH,48.69,52.85,47.5,50.62,49.7,0.92,1.85,64045.11,323246.266
20151110,603066.SH,49.0,53.15,48.69,52.04,50.62,1.42,2.81,51425.34,264357.665
20151111,603066.SH,51.51,57.24,50.92,57.24,52.04,5.2,9.99,47443.9,257588.455
20151112,603066.SH,57.5,62.96,57.0,62.96,57.24,5.72,9.99,54592.72,333630.571
20151113,603066.SH,61.88,63.65,56.66,56.66,62.96,-6.3,-10.01,66223.51,390181.239
20151116,603066.SH,53.5,57.6,53.05,56.13,56.66,-0.53,-0.94,34540.82,192633.693
20151117,603066.SH,56.5,59.97,54.52,57.01,56.13,0.88,1.57,47583.18,270722.064
20151118,603066.SH,55.83,56.99,51.76,52.97,57.01,-4.04,-7.09,35928.99,195338.0
20151119,603066.SH,53.0,55.2,52.21,54.64,52.97,1.67,3.15,33505.31,180766.631
20151120,603066.SH,54.58,57.57,53.02,56.17,54.64,1.53,2.8,37596.93,208318.295
20151123,603066.SH,55.0,55.58,52.97,53.34,56.17,-2.83,-5.04,26725.7,145212.421
20151124,603066.SH,53.26,57.17,53.26,56.72,53.34,3.38,6.34,32606.1,181993.478
20151125,603066.SH,56.5,59.53,55.05,57.83,56.72,1.11,1.96,35928.13,205492.696
20151126,603066.SH,58.0,63.0,58.0,59.33,57.83,1.5,2.59,51331.13,311292.743
20151127,603066.SH,58.08,60.99,54.34,59.93,59.33,0.6,1.01,36203.59,213729.809
20151130,603066.SH,59.93,65.92,58.6,65.92,59.93,5.99,10.0,68890.07,441618.862
20151201,603066.SH,65.1,67.89,59.33,59.5,65.92,-6.42,-9.74,63450.5,399267.561
20151202,603066.SH,57.75,59.5,53.55,58.78,59.5,-0.72,-1.21,57269.82,319959.108
20151203,603066.SH,58.63,61.39,57.78,59.99,58.78,1.21,2.06,31384.94,187985.698
20151204,603066.SH,60.49,61.0,58.8,59.93,59.99,-0.06,-0.1,24759.38,148474.737
20151207,603066.SH,59.93,61.5,59.13,59.99,59.93,0.06,0.1,19783.8,119348.406
20151208,603066.SH,59.49,62.45,59.11,60.46,59.99,0.47,0.78,26974.67,164281.02
20151209,603066.SH,60.38,60.38,56.83,58.58,60.46,-1.88,-3.11,23531.26,137567.307
20151210,603066.SH,57.31,58.99,56.52,56.84,58.58,-1.74,-2.97,14446.91,82861.043
20151211,603066.SH,56.56,57.75,56.01,56.6,56.84,-0.24,-0.42,7365.5,41906.742
20151214,603066.SH,55.81,57.6,55.04,57.2,56.6,0.6,1.06,9738.94,54803.451
20151215,603066.SH,58.0,58.89,57.0,57.29,57.2,0.09,0.16,11847.18,68598.906
20151216,603066.SH,56.95,59.8,56.95,59.47,57.29,2.18,3.81,16811.85,98811.207
20151217,603066.SH,60.0,61.49,59.15,60.98,59.47,1.51,2.54,22479.31,135736.937
20151218,603066.SH,61.1,61.1,58.15,58.58,60.98,-2.4,-3.94,18603.58,110415.573
20151221,603066.SH,58.0,58.89,57.2,58.4,58.58,-0.18,-0.31,14639.0,84895.927
20151222,603066.SH,58.9,59.27,56.95,58.26,58.4,-0.14,-0.24,12089.88,70039.074
20151223,603066.SH,58.06,59.74,57.3,57.85,58.26,-0.41,-0.7,14199.82,82759.759
20151224,603066.SH,57.05,58.68,56.38,58.33,57.85,0.48,0.83,11599.34,66569.522
20151225,603066.SH,58.3,59.26,57.0,57.6,58.33,-0.73,-1.25,11097.15,64660.701
20151228,603066.SH,57.19,57.99,52.5,53.15,57.6,-4.45,-7.73,19219.71,106628.788
20151229,603066.SH,53.15,53.79,51.0,52.89,53.15,-0.26,-0.49,15483.28,80988.491
20151230,603066.SH,52.33,53.34,51.91,52.96,52.89,0.07,0.13,18650.74,97717.288
20151231,603066.SH,53.26,53.26,50.5,51.08,52.96,-1.88,-3.55,15788.93,81694.647
20160104,603066.SH,51.3,51.59,45.97,45.98,51.08,-5.1,-9.98,11026.64,52974.746
20160105,603066.SH,43.01,45.95,41.88,44.39,45.98,-1.59,-3.46,18328.05,81394.805
20160106,603066.SH,44.7,47.88,44.7,46.88,44.39,2.49,5.61,14768.91,68371.407
20160107,603066.SH,45.05,45.64,42.19,42.2,46.88,-4.68,-9.98,3035.45,13324.677
20160108,603066.SH,43.86,44.65,39.0,42.02,42.2,-0.18,-0.43,15058.46,63858.162
20160111,603066.SH,40.5,42.98,40.15,40.91,42.02,-1.11,-2.64,18842.56,78453.591
20160112,603066.SH,41.35,42.25,40.5,42.16,40.91,1.25,3.06,15001.97,62448.287
20160113,603066.SH,42.2,43.0,40.8,41.18,42.16,-0.98,-2.32,14897.3,62725.096
20160114,603066.SH,39.91,43.28,39.0,42.87,41.18,1.69,4.1,16812.38,69529.669
20160115,603066.SH,42.05,42.99,40.3,41.14,42.87,-1.73,-4.04,13030.84,54905.504
20160118,603066.SH,40.01,42.66,39.15,41.89,41.14,0.75,1.82,11524.45,47920.401
20160119,603066.SH,41.22,44.8,41.2,44.05,41.89,2.16,5.16,20664.81,88441.662
20160120,603066.SH,43.23,44.48,42.55,42.91,44.05,-1.14,-2.59,17293.27,74991.787
20160121,603066.SH,42.01,43.38,40.02,40.44,42.91,-2.47,-5.76,12751.5,53790.021
20160122,603066.SH,41.0,41.65,39.6,41.09,40.44,0.65,1.61,10727.53,43618.284
20160125,603066.SH,41.3,42.2,41.0,41.43,41.09,0.34,0.83,7267.4,30238.759
20160126,603066.SH,41.0,41.35,37.29,37.29,41.43,-4.14,-9.99,15429.31,59353.474
20160127,603066.SH,36.12,37.8,33.56,35.11,37.29,-2.18,-5.85,17088.85,59452.31
20160128,603066.SH,34.37,34.89,31.7,32.04,35.11,-3.07,-8.74,9905.55,33107.692
20160129,603066.SH,32.24,34.3,31.0,33.84,32.04,1.8,5.62,14062.62,46401.311
20160201,603066.SH,34.02,34.02,32.38,33.11,33.84,-0.73,-2.16,9695.69,32411.432
20160202,603066.SH,33.87,36.18,33.45,35.57,33.11,2.46,7.43,12737.02,44538.525
20160203,603066.SH,34.9,35.91,34.51,35.6,35.57,0.03,0.08,8827.23,31004.207
20160204,603066.SH,35.99,39.16,35.6,39.16,35.6,3.56,10.0,14516.71,56085.482
20160205,603066.SH,40.58,42.0,38.6,40.46,39.16,1.3,3.32,27090.78,109398.414
20160215,603066.SH,38.43,40.08,38.43,39.05,40.46,-1.41,-3.48,12585.0,49003.628
20160216,603066.SH,39.56,40.56,39.05,40.25,39.05,1.2,3.07,12125.09,48626.723
20160217,603066.SH,40.0,40.58,38.8,40.25,40.25,0.0,0.0,19073.03,75908.542
20160218,603066.SH,40.68,44.27,40.68,42.8,40.25,2.55,6.34,29091.79,122372.695
20160219,603066.SH,42.03,42.95,41.48,42.06,42.8,-0.74,-1.73,16737.67,70298.835
20160222,603066.SH,42.8,43.08,42.0,42.76,42.06,0.7,1.66,12949.01,55009.765
20160223,603066.SH,42.52,43.44,42.02,42.56,42.76,-0.2,-0.47,14241.27,60912.211
20160224,603066.SH,42.56,42.99,40.2,41.25,42.56,-1.31,-3.08,13476.01,55828.3
20160225,603066.SH,40.66,41.29,37.13,37.13,41.25,-4.12,-9.99,13137.06,50821.175
20160226,603066.SH,37.26,38.19,35.0,36.55,37.13,-0.58,-1.56,8896.25,32759.172
20160229,603066.SH,36.6,37.55,33.13,33.86,36.55,-2.69,-7.36,10925.74,37872.517
20160301,603066.SH,33.97,35.37,33.7,35.04,33.86,1.18,3.48,10512.84,36442.172
20160302,603066.SH,35.04,37.88,34.52,37.16,35.04,2.12,6.05,11079.32,40107.962
20160303,603066.SH,37.09,37.99,36.77,37.06,37.16,-0.1,-0.27,9345.86,34926.128
20160304,603066.SH,37.1,38.1,34.0,35.04,37.06,-2.02,-5.45,11526.22,41928.705
20160307,603066.SH,36.64,37.6,36.07,36.38,35.04,1.34,3.82,10589.18,38900.017
20160308,603066.SH,36.8,36.9,34.18,36.85,36.38,0.47,1.29,8113.3,29128.417
20160309,603066.SH,36.21,36.88,34.58,35.59,36.85,-1.26,-3.42,6491.06,23358.701
20160310,603066.SH,35.5,36.78,35.3,35.67,35.59,0.08,0.22,6754.95,24407.674
20160311,603066.SH,35.5,36.11,34.88,36.08,35.67,0.41,1.15,6304.36,22456.579
20160314,603066.SH,37.31,38.61,36.59,37.94,36.08,1.86,5.16,10486.72,39688.144
20160315,603066.SH,37.5,38.55,37.5,38.23,37.94,0.29,0.76,8485.84,32366.496
20160316,603066.SH,38.69,38.82,36.81,36.95,38.23,-1.28,-3.35,7777.0,29138.122
20160317,603066.SH,37.58,38.5,36.96,38.26,36.95,1.31,3.55,9647.42,36560.476
20160318,603066.SH,38.47,40.55,38.12,39.77,38.26,1.51,3.95,12645.73,49809.509
20160321,603066.SH,40.13,41.91,40.13,40.97,39.77,1.2,3.02,16452.09,67878.75
20160322,603066.SH,39.83,43.0,39.5,41.28,40.97,0.31,0.76,13876.43,57965.582
20160323,603066.SH,40.75,45.41,40.75,45.41,41.28,4.13,10.0,20149.71,87405.557
20160324,603066.SH,46.2,48.99,45.4,47.03,45.41,1.62,3.57,44129.5,209055.903
20160325,603066.SH,47.93,47.98,45.65,46.18,47.03,-0.85,-1.81,16185.93,75250.987
20160328,603066.SH,46.45,47.82,43.02,44.16,46.18,-2.02,-4.37,21470.59,98203.854
20160329,603066.SH,44.25,45.98,43.0,44.98,44.16,0.82,1.86,17125.92,76565.71
20160330,603066.SH,45.01,48.99,45.0,48.19,44.98,3.21,7.14,21056.38,98112.14
20160331,603066.SH,48.2,48.2,46.1,46.94,48.19,-1.25,-2.59,17590.57,82859.113
20160401,603066.SH,46.85,46.94,44.8,46.05,46.94,-0.89,-1.9,14913.05,68117.272
20160405,603066.SH,45.58,47.98,45.0,47.38,46.05,1.33,2.89,15414.93,71944.153
20160406,603066.SH,46.91,47.98,45.8,46.38,47.38,-1.0,-2.11,14538.71,67831.768
20160407,603066.SH,46.67,46.96,45.12,45.16,46.38,-1.22,-2.63,11881.73,54559.495
20160408,603066.SH,45.13,45.14,43.1,43.84,45.16,-1.32,-2.92,15691.04,68688.344
20160411,603066.SH,44.66,47.53,44.66,47.38,43.84,3.54,8.07,23262.32,107877.585
20160412,603066.SH,47.35,52.12,47.06,52.12,47.38,4.74,10.0,49273.7,246449.368
20160413,603066.SH,50.99,53.38,50.11,51.37,52.12,-0.75,-1.44,47270.45,242802.712
20160414,603066.SH,51.4,52.39,50.1,52.34,51.37,0.97,1.89,35282.01,180801.492
20160415,603066.SH,51.9,51.99,50.0,50.22,52.34,-2.12,-4.05,23200.04,118018.818
20160418,603066.SH,47.01,48.0,45.88,46.32,50.22,-3.9,-7.77,32696.71,152928.511
20160419,603066.SH,46.31,46.93,45.03,46.06,46.32,-0.26,-0.56,19700.53,90734.81
20160420,603066.SH,46.35,46.57,42.0,43.33,46.06,-2.73,-5.93,20863.83,92245.945
20160421,603066.SH,43.43,43.68,42.2,42.37,43.33,-0.96,-2.22,13101.75,56256.12
20160422,603066.SH,42.0,44.5,41.66,43.84,42.37,1.47,3.47,14478.53,62304.983
20160425,603066.SH,43.21,44.5,42.68,43.88,43.84,0.04,0.09,11920.0,52212.417
20160426,603066.SH,43.55,44.65,43.48,44.09,43.88,0.21,0.48,10335.92,45500.954
20160427,603066.SH,44.5,44.5,42.88,42.96,44.09,-1.13,-2.56,11100.29,48380.835
20160428,603066.SH,43.06,44.6,43.05,44.16,42.96,1.2,2.79,15578.96,68550.022
20160429,603066.SH,43.83,44.5,43.44,43.59,44.16,-0.57,-1.29,8996.71,39433.253
20160503,603066.SH,43.7,45.21,43.0,45.11,43.59,1.52,3.49,11896.96,52870.952
20160504,603066.SH,45.4,46.75,45.03,45.29,45.11,0.18,0.4,15445.9,70843.563
20160505,603066.SH,45.38,45.66,44.7,45.52,45.29,0.23,0.51,12597.26,56981.992
20160510,603066.SH,42.5,43.9,40.97,40.98,45.52,-4.54,-9.97,17567.36,74045.897
20160511,603066.SH,41.62,42.89,40.24,40.66,40.98,-0.32,-0.78,10342.54,43192.997
20160512,603066.SH,40.48,40.48,38.12,39.68,40.66,-0.98,-2.41,9939.25,38810.138
20160513,603066.SH,39.47,40.47,39.1,39.73,39.68,0.05,0.13,5597.96,22324.037
20160516,603066.SH,39.4,41.69,38.88,41.19,39.73,1.46,3.67,11401.84,45773.01
20160517,603066.SH,41.0,41.9,40.78,40.87,41.19,-0.32,-0.78,7567.52,31241.728
20160518,603066.SH,40.31,40.32,37.78,38.67,40.87,-2.2,-5.38,9311.84,36384.287
20160519,603066.SH,38.98,39.97,38.7,39.42,38.67,0.75,1.94,9615.4,38092.38
20160520,603066.SH,39.0,40.5,38.86,40.38,39.42,0.96,2.44,7456.52,29740.752
20160523,603066.SH,40.63,43.48,40.6,42.82,40.38,2.44,6.04,15973.65,67913.468
20160524,603066.SH,42.3,43.69,42.21,42.85,42.82,0.03,0.07,16235.14,69861.913
20160525,603066.SH,43.06,43.7,42.11,42.42,42.85,-0.43,-1.0,11216.12,47859.274
20160526,603066.SH,42.88,43.45,41.4,43.24,42.42,0.82,1.93,11111.33,47173.947
20160527,603066.SH,43.24,44.18,42.2,42.97,43.24,-0.27,-0.62,16750.99,72973.183
20160530,603066.SH,42.41,43.15,41.51,42.04,42.97,-0.93,-2.16,8160.46,34519.771
20160531,603066.SH,42.11,44.38,42.11,44.33,42.04,2.29,5.45,14876.02,65038.462
20160601,603066.SH,44.5,45.51,44.15,44.61,44.33,0.28,0.63,18010.8,80742.389
20160602,603066.SH,44.2,45.59,43.73,45.55,44.61,0.94,2.11,18008.44,80322.954
20160603,603066.SH,45.64,47.83,44.7,46.73,45.55,1.18,2.59,26211.6,121054.544
20160606,603066.SH,46.5,47.03,45.51,46.92,46.73,0.19,0.41,20075.01,92500.971
20160607,603066.SH,46.6,49.5,46.2,48.99,46.92,2.07,4.41,28779.99,137579.228
20160608,603066.SH,48.5,48.5,47.3,47.64,48.99,-1.35,-2.76,20148.81,96397.351
20160613,603066.SH,46.0,46.0,43.1,44.57,47.64,-3.07,-6.44,24583.73,109678.284
20160614,603066.SH,43.9,44.8,43.68,44.42,44.57,-0.15,-0.34,8858.79,39218.28
20160615,603066.SH,44.0,46.2,43.65,45.84,44.42,1.42,3.2,16407.14,74821.042
20160616,603066.SH,45.14,45.4,44.67,45.01,45.84,-0.83,-1.81,13412.68,60323.335
20160617,603066.SH,45.01,46.18,44.9,45.22,45.01,0.21,0.47,12797.4,58240.331
20160620,603066.SH,44.89,46.3,44.0,45.99,45.22,0.77,1.7,19837.45,90165.671
20160621,603066.SH,46.0,46.94,45.0,45.12,45.99,-0.87,-1.89,17991.42,82772.133
20160622,603066.SH,44.8,45.89,44.15,45.81,45.12,0.69,1.53,13477.98,60792.079
20160623,603066.SH,45.8,45.9,44.48,44.94,45.81,-0.87,-1.9,13443.1,60659.47
20160624,603066.SH,45.03,45.8,42.01,44.28,44.8,-0.52,-1.16,13543.4,60047.745
20160627,603066.SH,43.8,45.95,43.8,45.7,44.28,1.42,3.21,13539.39,61361.864
20160628,603066.SH,45.68,47.58,45.42,46.99,45.7,1.29,2.82,20484.82,95467.082
20160629,603066.SH,46.99,47.27,46.3,46.71,46.99,-0.28,-0.6,14541.89,67762.412
20160630,603066.SH,46.66,48.1,46.36,47.77,46.71,1.06,2.27,23799.16,112627.565
20160701,603066.SH,47.8,47.95,46.46,46.81,47.77,-0.96,-2.01,14023.07,66119.851
20160704,603066.SH,46.48,48.12,46.22,47.71,46.81,0.9,1.92,14418.97,68508.617
20160705,603066.SH,48.1,48.88,46.9,47.42,47.71,-0.29,-0.61,14862.31,71027.961
20160706,603066.SH,47.17,47.17,45.7,45.8,47.42,-1.62,-3.42,34803.93,160477.747
20160707,603066.SH,45.7,46.3,44.5,44.77,45.8,-1.03,-2.25,37280.21,168388.142
20160708,603066.SH,44.8,45.5,44.71,44.97,44.77,0.2,0.45,25237.25,113829.702
20160711,603066.SH,45.35,45.54,44.28,44.52,44.97,-0.45,-1.0,17585.36,79418.806
20160712,603066.SH,44.52,45.45,43.53,45.33,44.52,0.81,1.82,15245.31,67972.113
20160713,603066.SH,45.3,46.03,45.02,45.76,45.33,0.43,0.95,16029.51,73330.019
20160714,603066.SH,45.86,46.05,45.19,45.71,45.76,-0.05,-0.11,12855.8,58738.139
20160715,603066.SH,45.78,46.98,45.78,46.62,45.71,0.91,1.99,22716.65,105866.413
20160718,603066.SH,46.56,47.8,46.28,46.99,46.62,0.37,0.79,21373.52,100329.853
20160719,603066.SH,46.88,46.88,45.67,46.21,46.99,-0.78,-1.66,13717.06,63474.136
20160720,603066.SH,46.22,49.98,46.03,49.2,46.21,2.99,6.47,56521.32,275581.152
20160721,603066.SH,48.75,49.43,48.21,48.83,49.2,-0.37,-0.75,37048.31,180768.976
20160722,603066.SH,48.7,48.81,47.5,47.82,48.83,-1.01,-2.07,22078.87,105850.701
20160725,603066.SH,47.7,48.9,47.24,48.86,47.82,1.04,2.17,16922.89,81581.184
20160726,603066.SH,48.61,50.45,48.61,50.02,48.86,1.16,2.37,30224.66,150757.961
20160727,603066.SH,49.75,50.0,45.7,47.17,50.02,-2.85,-5.7,31934.31,152170.658
20160728,603066.SH,46.6,46.88,45.36,46.11,47.17,-1.06,-2.25,15346.43,70940.754
20160729,603066.SH,46.05,46.67,45.6,46.11,46.11,0.0,0.0,8704.3,40081.15
20160801,603066.SH,45.72,46.12,44.5,45.35,46.11,-0.76,-1.65,9328.06,42002.458
20160802,603066.SH,45.5,45.78,44.98,45.61,45.35,0.26,0.57,5683.65,25831.251
20160803,603066.SH,45.6,46.38,45.36,46.22,45.61,0.61,1.34,8888.28,40813.155
20160804,603066.SH,46.25,46.3,45.6,46.21,46.22,-0.01,-0.02,7068.39,32453.714
20160805,603066.SH,46.01,46.09,45.01,45.14,46.21,-1.07,-2.32,7947.0,36134.244
20160808,603066.SH,44.8,45.78,43.76,45.38,45.14,0.24,0.53,9394.38,41946.917
20160809,603066.SH,45.33,46.41,45.04,46.26,45.38,0.88,1.94,9363.02,43001.089
20160810,603066.SH,46.26,46.6,45.88,45.92,46.26,-0.34,-0.74,6556.83,30225.518
20160811,603066.SH,45.95,46.17,44.5,44.54,45.92,-1.38,-3.01,7547.94,34083.62
20160812,603066.SH,44.4,45.29,44.4,45.11,44.54,0.57,1.28,5426.0,24329.895
20160815,603066.SH,45.28,46.12,44.67,45.9,45.11,0.79,1.75,11632.64,53173.187
20160816,603066.SH,46.0,46.5,45.81,45.9,45.9,0.0,0.0,9820.5,45361.99
20160817,603066.SH,45.79,46.44,45.73,46.16,45.9,0.26,0.57,10044.21,46229.777
20160818,603066.SH,46.0,46.78,45.6,46.05,46.16,-0.11,-0.24,9613.39,44582.347
20160819,603066.SH,46.0,48.3,45.79,47.5,46.05,1.45,3.15,14143.97,66720.91
20160822,603066.SH,47.31,48.65,47.1,47.56,47.5,0.06,0.13,18100.0,86943.332
20160823,603066.SH,47.9,48.17,47.26,48.08,47.56,0.52,1.09,10680.0,50883.874
20160824,603066.SH,48.01,48.01,47.36,47.45,48.08,-0.63,-1.31,7678.85,36556.748
20160825,603066.SH,47.01,47.98,46.55,47.87,47.45,0.42,0.89,12385.45,58192.931
20160826,603066.SH,47.0,47.19,46.36,46.5,47.87,-1.37,-2.86,17956.34,83809.848
20160829,603066.SH,46.3,46.75,45.0,45.54,46.5,-0.96,-2.06,16238.01,74049.466
20160830,603066.SH,45.55,45.96,45.55,45.64,45.54,0.1,0.22,4582.89,20947.645
20160831,603066.SH,45.47,46.0,45.47,45.92,45.64,0.28,0.61,5029.15,23008.966
20160901,603066.SH,46.05,46.08,45.64,45.72,45.92,-0.2,-0.44,5350.11,24529.676
20160902,603066.SH,45.72,46.1,45.17,45.51,45.72,-0.21,-0.46,4925.5,22501.446
20160905,603066.SH,45.65,45.97,45.53,45.91,45.51,0.4,0.88,5582.72,25606.435
20160906,603066.SH,45.64,46.59,45.6,46.56,45.91,0.65,1.42,6803.09,31418.592
20160907,603066.SH,46.56,47.41,46.35,46.67,46.56,0.11,0.24,11014.92,51713.51
20160908,603066.SH,46.66,46.99,46.32,46.79,46.67,0.12,0.26,6664.13,31109.273
20160909,603066.SH,47.1,47.76,46.61,46.86,46.79,0.07,0.15,14704.01,69429.229
20160912,603066.SH,45.49,45.98,45.0,45.22,46.86,-1.64,-3.5,9799.19,44407.318
20160913,603066.SH,45.5,45.58,44.4,44.91,45.22,-0.31,-0.69,7586.25,34171.616
20160914,603066.SH,44.33,45.1,44.33,44.71,44.91,-0.2,-0.45,4220.42,18845.611
20160919,603066.SH,44.71,47.47,44.55,47.25,44.71,2.54,5.68,17375.36,80308.118
20160920,603066.SH,48.5,51.68,48.39,48.63,47.25,1.38,2.92,51424.52,254716.126
20160921,603066.SH,49.2,49.88,47.87,48.33,48.63,-0.3,-0.62,28401.0,138400.89
20160922,603066.SH,48.38,48.88,47.9,48.08,48.33,-0.25,-0.52,38611.84,187103.278
20160923,603066.SH,48.13,51.3,48.13,49.8,48.08,1.72,3.58,45187.22,225641.089
20160926,603066.SH,50.03,52.01,49.3,50.42,49.8,0.62,1.25,44012.03,223532.978
20160927,603066.SH,50.0,50.28,48.15,49.85,50.42,-0.57,-1.13,25260.78,124461.931
20160928,603066.SH,49.69,53.0,49.18,52.38,49.85,2.53,5.08,56116.08,289077.927
20160929,603066.SH,51.98,52.99,51.4,52.1,52.38,-0.28,-0.53,33655.42,175559.732
20160930,603066.SH,51.4,51.99,50.69,51.65,52.1,-0.45,-0.86,19371.89,99366.452
20161010,603066.SH,52.0,54.43,51.0,53.24,51.65,1.59,3.08,33745.85,176660.243
20161011,603066.SH,53.1,53.2,51.74,52.77,53.24,-0.47,-0.88,27915.56,146341.85
20161012,603066.SH,52.7,52.7,51.29,51.59,52.77,-1.18,-2.24,20033.47,103640.93
20161013,603066.SH,51.39,52.19,51.06,51.62,51.59,0.03,0.06,12527.95,64667.068
20161014,603066.SH,51.4,51.45,50.16,50.51,51.62,-1.11,-2.15,19817.94,100116.613
20161017,603066.SH,50.8,53.8,50.8,52.47,50.51,1.96,3.88,45816.08,240455.369
20161018,603066.SH,52.7,52.7,51.29,52.47,52.47,0.0,0.0,22069.71,114756.94
20161019,603066.SH,52.15,53.78,51.81,51.98,52.47,-0.49,-0.93,24936.05,131029.449
20161020,603066.SH,51.69,51.95,50.76,51.72,51.98,-0.26,-0.5,20058.43,102682.64
20161021,603066.SH,51.95,52.68,50.7,52.53,51.72,0.81,1.57,24268.46,125913.739
20161024,603066.SH,52.49,53.5,51.87,52.9,52.53,0.37,0.7,24476.0,129179.431
20161025,603066.SH,52.95,53.68,52.36,53.41,52.9,0.51,0.96,20418.84,108108.496
20161026,603066.SH,53.63,54.38,51.72,51.76,53.41,-1.65,-3.09,24789.9,131100.435
20161027,603066.SH,51.25,51.71,50.66,51.12,51.76,-0.64,-1.24,14776.01,75526.22
20161028,603066.SH,51.09,51.77,50.61,51.26,51.12,0.14,0.27,14392.02,73360.225
20161031,603066.SH,52.11,52.19,51.11,52.0,51.26,0.74,1.44,15719.84,81303.715
20161101,603066.SH,51.78,54.9,51.66,54.15,52.0,2.15,4.13,41801.57,224241.877
20161102,603066.SH,54.0,56.9,53.71,54.81,54.15,0.66,1.22,48051.56,267355.789
20161103,603066.SH,54.19,58.88,54.13,57.35,54.81,2.54,4.63,55781.16,316519.983
20161104,603066.SH,56.97,58.49,55.9,56.55,57.35,-0.8,-1.39,47990.9,274571.674
20161107,603066.SH,56.8,58.5,55.02,55.53,56.55,-1.02,-1.8,36898.41,209741.38
20161108,603066.SH,55.68,56.81,55.15,56.47,55.53,0.94,1.69,23686.49,132772.891
20161109,603066.SH,56.5,56.5,54.11,55.19,56.47,-1.28,-2.27,27164.91,150371.27
20161110,603066.SH,55.74,57.88,55.44,56.58,55.19,1.39,2.52,30037.06,170324.364
20161111,603066.SH,56.5,57.37,54.41,54.49,56.58,-2.09,-3.69,43541.46,241397.376
20161114,603066.SH,54.2,55.34,54.12,55.11,54.49,0.62,1.14,27096.64,148245.249
20161115,603066.SH,55.0,55.47,54.2,54.89,55.11,-0.22,-0.4,15670.53,85783.124
20161116,603066.SH,54.92,55.75,54.71,54.88,54.89,-0.01,-0.02,16461.86,90903.591
20161117,603066.SH,54.69,55.0,53.0,53.84,54.88,-1.04,-1.9,17203.33,92499.942
20161118,603066.SH,54.8,57.99,54.61,56.77,53.84,2.93,5.44,59243.23,332753.429
20161121,603066.SH,57.01,61.23,57.01,61.09,56.77,4.32,7.61,73288.9,433194.205
20161122,603066.SH,60.08,60.78,59.11,60.23,61.09,-0.86,-1.41,43709.51,261738.352
20161123,603066.SH,59.91,60.16,58.82,59.96,60.23,-0.27,-0.45,28900.64,172103.387
20161125,603066.SH,63.0,65.9,61.01,63.65,59.96,3.69,6.15,88830.02,561513.738
20161128,603066.SH,63.0,63.0,59.6,59.99,63.65,-3.66,-5.75,55306.77,337410.255
20161129,603066.SH,59.51,60.2,56.95,57.13,59.99,-2.86,-4.77,44779.72,262404.722
20161130,603066.SH,56.81,59.6,56.78,59.45,57.13,2.32,4.06,33060.12,193151.719
20161201,603066.SH,59.13,59.57,57.5,57.97,59.45,-1.48,-2.49,22162.37,129892.175
20161202,603066.SH,57.53,58.5,54.8,55.5,57.97,-2.47,-4.26,29423.16,165935.807
20161205,603066.SH,54.38,56.85,53.9,55.06,55.5,-0.44,-0.79,17725.0,98354.401
20161206,603066.SH,55.47,55.75,54.62,54.75,55.06,-0.31,-0.56,11441.92,63088.473
20161207,603066.SH,54.91,56.77,54.85,56.74,54.75,1.99,3.63,19439.48,108782.84
20161208,603066.SH,56.89,59.36,55.8,58.09,56.74,1.35,2.38,31611.5,182355.029
20161209,603066.SH,57.7,58.8,56.52,56.75,58.09,-1.34,-2.31,24500.87,141129.769
20161212,603066.SH,55.81,57.25,53.28,53.67,56.75,-3.08,-5.43,25156.51,138685.744
20161213,603066.SH,53.6,55.48,52.08,54.91,53.67,1.24,2.31,18169.38,98872.075
20161214,603066.SH,54.75,55.45,54.5,54.86,54.91,-0.05,-0.09,13520.01,74291.835
20161215,603066.SH,54.55,56.05,54.0,55.29,54.86,0.43,0.78,14297.03,79285.819
20161216,603066.SH,55.6,56.08,54.96,55.98,55.29,0.69,1.25,12590.45,69827.881
20161219,603066.SH,55.9,55.9,54.4,54.69,55.98,-1.29,-2.3,10017.6,55162.021
20161220,603066.SH,54.88,55.55,54.42,55.37,54.69,0.68,1.24,10165.6,56199.624
20161221,603066.SH,55.5,56.6,55.5,56.01,55.37,0.64,1.16,15096.42,84563.077
20161222,603066.SH,55.79,56.27,54.7,55.03,56.01,-0.98,-1.75,11212.42,61992.32
20161223,603066.SH,55.41,55.41,52.5,53.71,55.03,-1.32,-2.4,23647.57,126052.545
20161226,603066.SH,52.8,53.74,51.22,53.68,53.71,-0.03,-0.06,19389.14,101677.625
20161227,603066.SH,53.59,53.69,52.81,53.11,53.68,-0.57,-1.06,9585.79,51045.991
20161228,603066.SH,54.0,57.5,54.0,55.24,53.11,2.13,4.01,27115.41,151045.804
20161229,603066.SH,54.6,55.79,54.03,54.38,55.24,-0.86,-1.56,16026.09,87521.008
20161230,603066.SH,54.4,54.5,53.5,54.04,54.38,-0.34,-0.63,9080.4,48965.507
20170103,603066.SH,54.0,55.49,54.0,55.34,54.04,1.3,2.41,10724.37,58982.904
20170104,603066.SH,55.33,56.36,54.92,55.92,55.34,0.58,1.05,12215.36,68100.467
20170105,603066.SH,55.93,56.2,55.5,55.76,55.92,-0.16,-0.29,8161.3,45541.553
20170106,603066.SH,55.4,55.76,53.91,54.15,55.76,-1.61,-2.89,14067.29,76567.937
20170109,603066.SH,53.99,53.99,53.0,53.64,54.15,-0.51,-0.94,9178.39,49049.018
20170110,603066.SH,53.5,54.18,53.22,54.05,53.64,0.41,0.76,9322.36,50129.071
20170111,603066.SH,54.0,54.0,51.0,51.21,54.05,-2.84,-5.25,10888.6,57368.515
20170112,603066.SH,51.4,51.69,48.66,49.41,51.21,-1.8,-3.51,22105.27,110954.114
20170113,603066.SH,49.0,49.88,48.7,48.92,49.41,-0.49,-0.99,11096.68,54485.607
20170116,603066.SH,49.0,49.5,45.01,47.54,48.92,-1.38,-2.82,14487.81,68526.385
20170117,603066.SH,47.0,48.85,47.0,48.43,47.54,0.89,1.87,9398.69,45112.443
20170118,603066.SH,48.56,48.56,47.25,47.57,48.43,-0.86,-1.78,4804.3,22929.651
20170119,603066.SH,47.49,47.99,46.23,47.21,47.57,-0.36,-0.76,7790.0,36637.442
20170120,603066.SH,47.18,48.58,46.72,48.19,47.21,0.98,2.08,7251.97,34766.104
20170123,603066.SH,48.49,48.79,48.03,48.54,48.19,0.35,0.73,8752.41,42418.069
20170124,603066.SH,48.55,48.58,47.2,47.4,48.54,-1.14,-2.35,6723.17,32076.052
20170125,603066.SH,47.4,47.9,47.09,47.48,47.4,0.08,0.17,5864.35,27867.382
20170126,603066.SH,47.5,47.8,47.49,47.72,47.48,0.24,0.51,4695.73,22373.644
20170203,603066.SH,47.98,47.98,47.4,47.59,47.72,-0.13,-0.27,3736.62,17788.526
20170206,603066.SH,47.56,48.46,47.0,48.37,47.59,0.78,1.64,6031.87,28948.963
20170207,603066.SH,48.2,48.67,47.76,48.6,48.37,0.23,0.48,7266.4,35023.662
20170208,603066.SH,48.5,51.05,48.1,50.03,48.6,1.43,2.94,14352.99,71262.753
20170209,603066.SH,50.03,50.3,49.9,50.0,50.03,-0.03,-0.06,7722.51,38646.596
20170210,603066.SH,50.0,51.15,49.67,50.6,50.0,0.6,1.2,11715.43,59361.902
20170213,603066.SH,50.88,51.6,50.22,50.99,50.6,0.39,0.77,10089.39,51636.06
20170214,603066.SH,50.77,52.0,50.77,51.99,50.99,1.0,1.96,11453.86,59085.974
20170215,603066.SH,51.78,52.39,51.52,51.58,51.99,-0.41,-0.79,10557.31,54810.549
20170216,603066.SH,51.2,51.76,50.8,51.58,51.58,0.0,0.0,7970.47,40879.793
20170217,603066.SH,51.75,52.01,50.81,51.75,51.58,0.17,0.33,8064.48,41461.912
20170220,603066.SH,51.99,54.39,51.5,53.75,51.75,2.0,3.86,21064.69,111972.001
20170221,603066.SH,54.75,54.75,52.86,53.31,53.75,-0.44,-0.82,7266.65,38710.494
20170222,603066.SH,58.64,58.64,58.2,58.64,53.31,5.33,10.0,73998.75,433870.623
20170223,603066.SH,58.99,59.0,56.13,56.58,58.64,-2.06,-3.51,77254.2,445678.385
20170224,603066.SH,55.75,56.5,54.23,54.99,56.58,-1.59,-2.81,55612.77,306530.583
20170227,603066.SH,56.0,56.0,54.2,54.26,54.99,-0.73,-1.33,31923.53,175575.302
20170228,603066.SH,54.06,55.5,53.62,55.03,54.26,0.77,1.42,29579.61,162249.295
20170301,603066.SH,54.66,55.34,54.0,54.8,55.03,-0.23,-0.42,24142.54,132084.404
20170302,603066.SH,55.0,55.6,53.62,53.69,54.8,-1.11,-2.03,22611.79,123578.243
20170303,603066.SH,53.3,55.33,52.89,55.04,53.69,1.35,2.51,28809.39,156609.593
20170306,603066.SH,55.18,55.5,54.7,55.24,55.04,0.2,0.36,21163.06,116698.914
20170307,603066.SH,55.14,55.6,54.83,55.42,55.24,0.18,0.33,19302.66,106595.248
20170308,603066.SH,55.5,55.5,54.32,54.55,55.42,-0.87,-1.57,13536.23,74224.574
20170309,603066.SH,54.57,55.05,54.0,54.3,54.55,-0.25,-0.46,12216.0,66636.16
20170310,603066.SH,54.01,55.89,53.9,55.15,54.3,0.85,1.57,26263.25,145357.597
20170313,603066.SH,55.01,55.58,54.66,55.37,55.15,0.22,0.4,17345.88,95655.404
20170314,603066.SH,55.42,56.78,55.25,56.3,55.37,0.93,1.68,30521.52,171254.665
20170315,603066.SH,56.3,56.3,55.0,55.52,56.3,-0.78,-1.39,18054.43,100358.855
20170316,603066.SH,55.65,56.7,55.65,56.51,55.52,0.99,1.78,22850.03,128662.293
20170317,603066.SH,56.14,58.14,56.14,56.58,56.51,0.07,0.12,36865.44,210939.475
20170320,603066.SH,56.59,56.66,55.31,56.4,56.58,-0.18,-0.32,20602.99,115175.232
20170321,603066.SH,56.37,56.88,55.0,55.88,56.4,-0.52,-0.92,19670.82,109751.349
20170322,603066.SH,55.55,55.55,54.12,55.04,55.88,-0.84,-1.5,20867.15,114494.167
20170323,603066.SH,55.38,56.19,54.25,55.19,55.04,0.15,0.27,18635.93,103127.014
20170324,603066.SH,55.1,55.49,54.6,55.19,55.19,0.0,0.0,11070.2,60897.39
20170327,603066.SH,55.18,55.59,54.22,54.31,55.19,-0.88,-1.59,12202.89,66589.874
20170328,603066.SH,54.2,54.88,54.06,54.1,54.31,-0.21,-0.39,8292.5,45171.022
20170329,603066.SH,54.1,54.35,52.0,52.53,54.1,-1.57,-2.9,11717.2,62671.431
20170330,603066.SH,52.5,52.64,50.3,50.56,52.53,-1.97,-3.75,14046.1,71989.264
20170331,603066.SH,50.76,51.3,50.46,51.01,50.56,0.45,0.89,6446.16,32765.366
20170405,603066.SH,51.43,52.1,50.91,52.05,51.01,1.04,2.04,6591.71,34009.894
20170406,603066.SH,52.04,53.44,51.92,52.47,52.05,0.42,0.81,7800.61,41169.641
20170407,603066.SH,52.45,52.71,51.7,51.96,52.47,-0.51,-0.97,5260.39,27421.206
20170410,603066.SH,51.0,51.0,46.8,46.98,51.96,-4.98,-9.58,26574.65,127729.348
20170411,603066.SH,47.04,47.8,46.48,47.55,46.98,0.57,1.21,11463.74,54161.754
20170412,603066.SH,47.55,47.95,46.5,47.58,47.55,0.03,0.06,8071.94,38203.372
20170413,603066.SH,47.58,48.3,47.36,48.25,47.58,0.67,1.41,7877.0,37711.856
20170414,603066.SH,48.3,49.46,47.81,48.25,48.25,0.0,0.0,11403.48,55301.786
20170417,603066.SH,47.36,47.87,45.45,46.46,48.25,-1.79,-3.71,11600.57,54022.406
20170418,603066.SH,46.6,46.8,45.58,46.17,46.46,-0.29,-0.62,6489.77,30049.995
20170419,603066.SH,46.59,46.59,45.58,45.97,46.17,-0.2,-0.43,7599.04,34845.452
20170420,603066.SH,45.85,45.98,42.17,43.91,45.97,-2.06,-4.48,15458.15,67789.912
20170421,603066.SH,43.81,43.81,42.28,43.35,43.91,-0.56,-1.28,8306.89,35913.287
20170424,603066.SH,43.28,43.28,39.55,39.68,43.35,-3.67,-8.47,20251.28,82293.169
20170425,603066.SH,39.88,40.75,39.0,40.05,39.68,0.37,0.93,8005.12,32166.324
20170426,603066.SH,40.2,41.26,40.2,41.09,40.05,1.04,2.6,8304.92,33958.319
20170427,603066.SH,41.09,41.93,40.18,41.84,41.09,0.75,1.83,8783.67,36174.815
20170428,603066.SH,41.51,42.0,41.34,41.91,41.84,0.07,0.17,5680.31,23629.505
20170502,603066.SH,41.91,42.5,41.7,41.95,41.91,0.04,0.1,5581.21,23462.118
20170503,603066.SH,42.2,42.75,41.5,42.07,41.95,0.12,0.29,6181.29,26090.831
20170504,603066.SH,42.16,42.58,41.53,42.0,42.07,-0.07,-0.17,5878.7,24741.917
20170505,603066.SH,42.5,44.34,41.5,43.58,42.0,1.58,3.76,16339.07,70525.804
20170508,603066.SH,43.01,43.25,41.15,41.46,43.58,-2.12,-4.86,10923.8,46067.849
20170509,603066.SH,41.3,41.5,39.91,41.2,41.46,-0.26,-0.63,10572.71,42870.563
20170510,603066.SH,41.2,42.84,41.2,41.31,41.2,0.11,0.27,8342.16,35072.655
20170511,603066.SH,40.5,42.3,40.1,42.19,41.31,0.88,2.13,9861.87,40840.25
20170512,603066.SH,42.08,42.5,41.5,42.47,42.19,0.28,0.66,8789.02,37000.381
20170515,603066.SH,42.33,43.1,42.01,42.45,42.47,-0.02,-0.05,7064.75,30043.91
20170516,603066.SH,42.46,44.37,42.07,44.34,42.45,1.89,4.45,17886.98,77893.058
20170517,603066.SH,44.12,45.59,43.98,44.33,44.34,-0.01,-0.02,18073.47,80899.871
20170518,603066.SH,44.0,45.1,43.76,44.99,44.33,0.66,1.49,15565.02,69419.475
20170519,603066.SH,44.68,44.99,43.5,44.16,44.99,-0.83,-1.84,11738.57,51903.402
20170522,603066.SH,43.72,44.23,41.07,41.36,44.16,-2.8,-6.34,14847.14,62880.732
20170523,603066.SH,41.01,41.93,40.05,40.2,41.36,-1.16,-2.8,9825.19,40033.108
20170524,603066.SH,40.01,41.28,39.4,40.74,40.2,0.54,1.34,6828.01,27572.903
20170525,603066.SH,40.8,41.13,39.9,40.78,40.74,0.04,0.1,8259.8,33430.858
20170526,603066.SH,40.6,41.16,40.56,40.94,40.78,0.16,0.39,6503.07,26606.796
20170531,603066.SH,41.6,42.46,40.85,40.91,40.94,-0.03,-0.07,12541.81,52463.292
20170601,603066.SH,40.78,40.78,37.65,37.83,40.91,-3.08,-7.53,17901.07,69670.427
20170602,603066.SH,38.4,39.5,37.9,39.38,37.83,1.55,4.1,9741.56,37715.522
20170605,603066.SH,40.29,40.5,39.7,39.88,39.38,0.5,1.27,12202.14,48938.901
20170606,603066.SH,39.9,40.82,39.39,40.45,39.88,0.57,1.43,7456.87,30075.114
20170607,603066.SH,40.15,44.5,40.15,44.5,40.45,4.05,10.01,25913.83,112924.795
20170608,603066.SH,46.61,47.98,45.36,46.87,44.5,2.37,5.33,67886.32,316981.707
20170609,603066.SH,15.6,16.8,15.29,15.94,15.57,0.37,2.38,81666.41,131945.876
20170612,603066.SH,14.68,14.8,14.35,14.35,15.94,-1.59,-9.97,32968.0,47609.243
20170613,603066.SH,13.33,15.18,13.33,14.98,14.35,0.63,4.39,184484.05,261599.266
20170614,603066.SH,14.65,14.89,14.2,14.24,14.98,-0.74,-4.94,127052.85,184151.299
20170615,603066.SH,13.99,15.66,13.86,15.66,14.24,1.42,9.97,84573.13,128397.122
20170616,603066.SH,16.33,16.5,15.72,16.15,15.66,0.49,3.13,259189.52,416785.052
20170619,603066.SH,15.45,15.98,15.3,15.87,16.15,-0.28,-1.73,140626.64,219511.36
20170620,603066.SH,15.79,15.97,15.34,15.42,15.87,-0.45,-2.84,100709.98,156436.427
20170621,603066.SH,15.36,15.41,14.91,15.3,15.42,-0.12,-0.78,92172.74,139135.883
20170622,603066.SH,15.33,15.36,14.61,14.76,15.3,-0.54,-3.53,81911.8,122147.301
20170623,603066.SH,14.73,15.24,14.5,15.19,14.76,0.43,2.91,93186.56,139029.446
20170626,603066.SH,15.19,15.19,14.71,15.03,15.19,-0.16,-1.05,66038.76,98768.257
20170627,603066.SH,15.19,15.65,15.03,15.18,15.03,0.15,1.0,91420.93,139949.544
20170628,603066.SH,14.78,14.96,14.56,14.9,15.18,-0.28,-1.84,65484.61,96613.138
20170629,603066.SH,14.75,14.94,14.6,14.7,14.9,-0.2,-1.34,44555.18,65669.882
20170630,603066.SH,14.6,14.7,14.2,14.22,14.7,-0.48,-3.27,70500.34,101186.009
20170703,603066.SH,14.17,14.32,14.1,14.27,14.22,0.05,0.35,30204.0,42941.667
20170704,603066.SH,14.3,14.36,14.07,14.2,14.27,-0.07,-0.49,31847.0,45146.138
20170705,603066.SH,14.2,14.35,14.13,14.32,14.2,0.12,0.85,34053.0,48549.407
20170706,603066.SH,14.32,14.43,14.14,14.35,14.32,0.03,0.21,40649.78,57989.628
20170707,603066.SH,14.34,14.71,14.24,14.69,14.35,0.34,2.37,67565.21,98232.55
20170710,603066.SH,14.53,14.81,14.41,14.57,14.69,-0.12,-0.82,42568.2,62092.731
20170711,603066.SH,14.58,14.84,14.23,14.43,14.57,-0.14,-0.96,49034.9,71794.84
20170712,603066.SH,14.25,14.35,13.33,14.22,14.43,-0.21,-1.46,65336.87,90708.075
20170713,603066.SH,14.22,14.25,13.73,13.9,14.22,-0.32,-2.25,30266.7,42200.606
20170714,603066.SH,13.82,14.09,13.76,13.89,13.9,-0.01,-0.07,20581.34,28603.064
20170717,603066.SH,13.99,13.99,12.81,12.89,13.89,-1.0,-7.2,47179.36,62224.133
20170718,603066.SH,12.9,13.27,12.88,13.22,12.89,0.33,2.56,28808.26,37642.786
20170719,603066.SH,13.22,13.5,13.1,13.32,13.22,0.1,0.76,30731.56,40846.703
20170720,603066.SH,13.18,13.6,13.18,13.21,13.32,-0.11,-0.83,30318.56,40529.877
20170721,603066.SH,13.3,13.37,12.86,12.91,13.21,-0.3,-2.27,28536.0,37356.606
20170724,603066.SH,12.86,13.08,12.75,12.93,12.91,0.02,0.15,20691.0,26660.001
20170725,603066.SH,12.89,12.94,12.57,12.82,12.93,-0.11,-0.85,22244.0,28320.018
20170726,603066.SH,12.8,12.82,12.42,12.54,12.82,-0.28,-2.18,30612.0,38464.958
20170727,603066.SH,12.64,13.41,12.57,13.29,12.54,0.75,5.98,60546.71,79105.566
20170728,603066.SH,13.18,13.2,12.96,13.02,13.29,-0.27,-2.03,35110.0,45898.888
20170731,603066.SH,13.02,13.09,12.78,12.82,13.02,-0.2,-1.54,27747.5,35692.539
20170801,603066.SH,12.78,13.1,12.76,13.09,12.82,0.27,2.11,27455.66,35550.603
20170802,603066.SH,13.27,13.84,13.26,13.36,13.09,0.27,2.06,69054.08,93240.117
20170803,603066.SH,13.2,13.28,12.92,13.24,13.36,-0.12,-0.9,39083.04,51180.514
20170804,603066.SH,13.23,13.23,12.95,13.02,13.24,-0.22,-1.66,25948.32,33885.542
20170807,603066.SH,12.96,13.08,12.87,12.91,13.02,-0.11,-0.84,21566.9,27945.338
20170808,603066.SH,12.91,12.95,12.45,12.72,12.91,-0.19,-1.47,36830.51,46666.914
20170809,603066.SH,12.7,12.98,12.53,12.93,12.72,0.21,1.65,27528.14,35130.638
20170810,603066.SH,12.81,13.08,12.57,12.71,12.93,-0.22,-1.7,22308.89,28515.986
20170811,603066.SH,12.6,12.76,12.52,12.56,12.71,-0.15,-1.18,17489.95,22055.363
20170814,603066.SH,12.57,12.88,12.51,12.54,12.56,-0.02,-0.16,33427.98,42113.47
20170815,603066.SH,12.54,12.78,12.53,12.71,12.54,0.17,1.36,25453.89,32228.13
20170816,603066.SH,12.72,13.31,12.56,13.11,12.71,0.4,3.15,50473.2,65171.142
20170817,603066.SH,13.0,13.3,12.87,13.13,13.11,0.02,0.15,39373.53,51544.936
20170818,603066.SH,13.02,13.18,12.89,12.93,13.13,-0.2,-1.52,27449.56,35780.15
20170821,603066.SH,12.93,13.0,12.85,12.97,12.93,0.04,0.31,20769.63,26804.685
20170822,603066.SH,12.86,12.96,12.78,12.84,12.97,-0.13,-1.0,21998.31,28226.409
20170823,603066.SH,12.84,12.96,12.78,12.91,12.84,0.07,0.55,17220.4,22156.822
20170824,603066.SH,12.85,13.06,12.82,12.96,12.91,0.05,0.39,23823.92,30792.767
20170825,603066.SH,13.03,13.26,12.9,13.17,12.96,0.21,1.62,40594.46,53051.336
20170828,603066.SH,13.19,13.25,13.02,13.12,13.17,-0.05,-0.38,57056.86,74861.842
20170829,603066.SH,13.07,13.17,12.95,13.01,13.12,-0.11,-0.84,36919.32,48141.638
20170830,603066.SH,13.01,13.03,12.8,12.87,13.01,-0.14,-1.08,29138.09,37558.081
20170831,603066.SH,12.91,13.02,12.78,12.94,12.87,0.07,0.54,33109.99,42661.778
20170901,603066.SH,12.99,12.99,12.8,12.84,12.94,-0.1,-0.77,36387.98,46789.118
20170904,603066.SH,12.9,14.12,12.9,14.12,12.84,1.28,9.97,217903.75,301347.724
20170905,603066.SH,13.95,14.08,13.71,13.97,14.12,-0.15,-1.06,139279.03,193725.737
20170906,603066.SH,13.83,14.14,13.75,14.07,13.97,0.1,0.72,96913.88,135715.588
20170907,603066.SH,14.07,14.47,13.88,14.28,14.07,0.21,1.49,117782.63,166901.288
20170908,603066.SH,14.22,14.31,13.78,14.06,14.28,-0.22,-1.54,71152.0,99672.438
20170911,603066.SH,13.96,14.66,13.85,14.57,14.06,0.51,3.63,117929.43,169914.161
20170912,603066.SH,14.45,14.53,14.0,14.16,14.57,-0.41,-2.81,84525.33,120473.631
20170913,603066.SH,14.18,14.25,13.94,14.22,14.16,0.06,0.42,41283.39,58174.04
20170914,603066.SH,14.24,14.24,13.86,13.97,14.22,-0.25,-1.76,50156.89,70379.504
20170915,603066.SH,14.01,14.01,13.7,13.75,13.97,-0.22,-1.57,38386.5,52899.693
20170918,603066.SH,13.72,14.05,13.72,13.86,13.75,0.11,0.8,25837.89,35855.664
20170919,603066.SH,13.83,14.8,13.75,14.63,13.86,0.77,5.56,130256.36,187008.394
20170920,603066.SH,14.59,14.63,14.2,14.41,14.63,-0.22,-1.5,111810.34,160417.965
20170921,603066.SH,14.88,15.11,14.6,14.62,14.41,0.21,1.46,182325.3,270470.555
20170922,603066.SH,14.5,14.9,14.32,14.63,14.62,0.01,0.07,99335.27,145705.826
20170925,603066.SH,14.53,15.38,14.46,14.95,14.63,0.32,2.19,134739.14,202251.192
20170926,603066.SH,14.8,15.28,14.36,15.18,14.95,0.23,1.54,98862.9,146024.39
20170927,603066.SH,15.42,15.56,14.9,14.91,15.18,-0.27,-1.78,107183.52,162098.65
20170928,603066.SH,14.6,14.85,14.52,14.54,14.91,-0.37,-2.48,66830.98,98168.874
20170929,603066.SH,14.45,15.2,14.45,15.18,14.54,0.64,4.4,92202.67,137127.104
20171009,603066.SH,15.3,15.78,15.02,15.6,15.18,0.42,2.77,130182.64,201534.044
20171010,603066.SH,15.45,16.36,15.28,16.32,15.6,0.72,4.62,166254.69,263058.923
20171011,603066.SH,15.93,17.95,15.88,17.95,16.32,1.63,9.99,274566.87,463194.678
20171012,603066.SH,19.7,19.75,18.4,18.8,17.95,0.85,4.74,563117.01,1080971.716
20171013,603066.SH,19.3,19.3,17.69,17.99,18.8,-0.81,-4.31,342841.88,629909.503
20171016,603066.SH,18.0,18.18,16.4,16.57,17.99,-1.42,-7.89,337166.28,574765.751
20171017,603066.SH,16.59,17.39,16.44,16.93,16.57,0.36,2.17,274712.75,465973.98
20171018,603066.SH,16.9,16.9,16.02,16.12,16.93,-0.81,-4.78,206178.65,335163.285
20171019,603066.SH,15.89,16.39,15.82,15.96,16.12,-0.16,-0.99,139424.24,225023.565
20171020,603066.SH,16.08,17.02,16.08,16.76,15.96,0.8,5.01,222919.67,369918.476
20171023,603066.SH,16.76,17.28,16.5,16.76,16.76,0.0,0.0,197262.69,332288.339
20171024,603066.SH,15.99,15.99,15.08,15.08,16.76,-1.68,-10.02,267854.08,411830.563
20171025,603066.SH,14.91,15.26,14.7,15.09,15.08,0.01,0.07,109330.08,164035.842
20171026,603066.SH,15.1,15.1,14.65,14.89,15.09,-0.2,-1.33,104874.3,155639.162
20171027,603066.SH,14.9,15.14,14.81,14.96,14.89,0.07,0.47,82748.67,123678.015
20171030,603066.SH,14.86,15.05,14.16,14.28,14.96,-0.68,-4.55,93307.34,135301.184
20171031,603066.SH,14.18,14.83,14.11,14.71,14.28,0.43,3.01,89373.25,129905.118
20171101,603066.SH,14.62,14.81,14.45,14.62,14.71,-0.09,-0.61,70265.0,102525.08
20171102,603066.SH,14.49,14.57,14.16,14.22,14.62,-0.4,-2.74,70699.0,101196.501
20171103,603066.SH,14.04,14.09,13.45,13.63,14.22,-0.59,-4.15,84622.74,116006.026
20171106,603066.SH,13.68,13.97,13.68,13.94,13.63,0.31,2.27,57985.07,80424.801
20171107,603066.SH,13.94,13.94,13.56,13.82,13.93,-0.11,-0.79,56622.0,77626.541
20171108,603066.SH,13.82,14.16,13.76,14.03,13.82,0.21,1.52,67887.78,95350.951
20171109,603066.SH,14.14,14.14,13.73,13.93,14.03,-0.1,-0.71,50395.0,70120.407
20171110,603066.SH,14.04,14.16,13.78,14.11,13.93,0.18,1.29,60372.0,84439.607
20171113,603066.SH,14.04,14.05,13.51,13.58,14.11,-0.53,-3.76,83335.0,114102.425
20171114,603066.SH,13.61,13.61,13.0,13.18,13.58,-0.4,-2.95,80585.35,106144.254
20171115,603066.SH,13.08,13.25,13.0,13.22,13.18,0.04,0.3,43915.49,57648.061
20171116,603066.SH,13.19,13.28,13.02,13.04,13.22,-0.18,-1.36,32060.0,42057.706
20171117,603066.SH,13.08,13.08,12.16,12.33,13.04,-0.71,-5.44,73258.9,92233.084
20171120,603066.SH,12.3,12.43,11.88,12.41,12.33,0.08,0.65,41940.38,51079.129
20171121,603066.SH,12.41,12.43,12.01,12.3,12.41,-0.11,-0.89,35846.03,44040.92
20171122,603066.SH,12.21,12.33,12.08,12.26,12.3,-0.04,-0.33,30272.79,36924.593
20171123,603066.SH,12.23,12.68,12.03,12.08,12.26,-0.18,-1.47,43213.34,53158.302
20171124,603066.SH,12.02,12.48,12.01,12.23,12.08,0.15,1.24,35851.91,43876.426
20171127,603066.SH,12.18,12.64,12.18,12.48,12.23,0.25,2.04,61660.28,77051.66
20171128,603066.SH,12.48,12.92,12.48,12.7,12.48,0.22,1.76,42143.51,53589.366
20171129,603066.SH,12.75,12.77,12.4,12.53,12.7,-0.17,-1.34,26241.85,32774.599
20171130,603066.SH,12.43,12.63,12.41,12.49,12.53,-0.04,-0.32,19207.05,24028.724
20171201,603066.SH,12.43,12.59,12.4,12.56,12.49,0.07,0.56,23323.05,29151.311
20171204,603066.SH,12.6,12.86,12.6,12.74,12.56,0.18,1.43,32626.5,41505.396
20171205,603066.SH,12.76,12.83,12.03,12.25,12.74,-0.49,-3.85,34847.0,43103.489
20171206,603066.SH,12.25,12.34,12.01,12.3,12.25,0.05,0.41,20875.75,25295.379
20171207,603066.SH,12.3,12.3,12.14,12.18,12.3,-0.12,-0.98,14429.75,17601.042
20171208,603066.SH,12.18,12.4,12.1,12.32,12.18,0.14,1.15,18017.41,22146.75
20171211,603066.SH,12.25,12.46,12.23,12.4,12.32,0.08,0.65,15948.75,19696.436
20171212,603066.SH,12.38,12.45,12.18,12.22,12.4,-0.18,-1.45,16203.0,19870.867
20171213,603066.SH,12.16,12.35,12.16,12.28,12.22,0.06,0.49,10998.68,13480.986
20171214,603066.SH,12.28,12.34,12.17,12.32,12.28,0.04,0.33,15757.79,19284.941
20171215,603066.SH,12.3,12.75,12.25,12.68,12.32,0.36,2.92,40061.21,50232.977
20171218,603066.SH,12.59,13.19,12.59,13.11,12.68,0.43,3.39,63113.01,81846.108
20171219,603066.SH,13.37,13.89,13.18,13.21,13.11,0.1,0.76,84860.34,113988.586
20171220,603066.SH,13.08,13.55,12.85,13.42,13.21,0.21,1.59,60825.48,79843.33
20171221,603066.SH,13.42,13.68,13.2,13.39,13.42,-0.03,-0.22,44001.81,59043.803
20171222,603066.SH,13.39,13.51,13.01,13.08,13.39,-0.31,-2.32,32101.0,42403.674
20171225,603066.SH,13.0,13.08,12.86,12.96,13.08,-0.12,-0.92,26621.95,34487.315
20171226,603066.SH,12.96,13.43,12.95,13.35,12.96,0.39,3.01,34872.63,46207.386
20171227,603066.SH,13.35,13.43,13.14,13.17,13.35,-0.18,-1.35,24907.58,32951.105
20171228,603066.SH,13.25,13.49,13.14,13.16,13.17,-0.01,-0.08,22331.0,29614.313
20171229,603066.SH,13.16,13.84,13.14,13.4,13.16,0.24,1.82,49961.0,67627.189
20180102,603066.SH,13.31,13.55,13.25,13.41,13.4,0.01,0.07,26293.51,35138.721
20180103,603066.SH,13.45,13.45,13.15,13.31,13.41,-0.1,-0.75,24810.82,32943.272
20180104,603066.SH,13.18,13.2,13.04,13.07,13.31,-0.24,-1.8,29458.94,38573.0
20180105,603066.SH,13.05,13.18,12.97,13.0,13.07,-0.07,-0.54,25103.53,32753.803
20180108,603066.SH,13.01,13.29,13.0,13.18,13.0,0.18,1.38,28515.49,37568.118
20180109,603066.SH,13.18,13.33,13.04,13.13,13.18,-0.05,-0.38,17298.0,22690.139
20180110,603066.SH,13.02,13.22,12.51,12.68,13.13,-0.45,-3.43,33971.0,43559.49
20180111,603066.SH,12.66,12.8,12.45,12.69,12.68,0.01,0.08,15231.0,19282.425
20180112,603066.SH,12.69,12.7,12.52,12.54,12.69,-0.15,-1.18,13734.0,17277.669
20180115,603066.SH,12.53,12.53,12.08,12.12,12.54,-0.42,-3.35,23662.98,28998.276
20180116,603066.SH,12.12,12.3,12.06,12.29,12.12,0.17,1.4,16664.91,20309.597
20180117,603066.SH,12.24,12.29,12.05,12.2,12.29,-0.09,-0.73,13995.1,17027.088
20180118,603066.SH,12.2,12.3,12.1,12.12,12.2,-0.08,-0.66,12876.0,15718.134
20180119,603066.SH,12.22,12.38,12.12,12.35,12.12,0.23,1.9,14930.35,18250.257
20180122,603066.SH,12.26,12.5,12.23,12.47,12.35,0.12,0.97,16132.16,19959.651
20180123,603066.SH,12.4,12.7,12.38,12.62,12.47,0.15,1.2,17329.01,21830.328
20180124,603066.SH,12.72,12.86,12.58,12.62,12.62,0.0,0.0,20980.16,26689.492
20180125,603066.SH,12.52,12.72,12.5,12.58,12.62,-0.04,-0.32,12279.0,15465.73
20180126,603066.SH,12.52,12.94,12.33,12.82,12.58,0.24,1.91,25163.15,31648.656
20180129,603066.SH,12.7,12.85,12.52,12.67,12.82,-0.15,-1.17,19004.3,24014.862
20180130,603066.SH,12.63,12.63,12.48,12.57,12.67,-0.1,-0.79,8269.0,10377.46
20180131,603066.SH,12.52,12.7,12.28,12.67,12.57,0.1,0.8,21901.0,27213.82
20180201,603066.SH,12.6,12.77,12.16,12.18,12.67,-0.49,-3.87,20988.78,26181.584
20180202,603066.SH,12.08,12.1,11.0,11.7,12.18,-0.48,-3.94,22236.16,25732.872
20180205,603066.SH,11.49,11.61,10.97,11.17,11.7,-0.53,-4.53,40014.91,45169.416
20180525,603066.SH,12.29,12.29,12.29,12.29,11.17,1.12,10.03,11385.32,13992.558
20180528,603066.SH,12.37,13.38,12.31,12.95,12.29,0.66,5.37,124642.86,159824.986
20180529,603066.SH,12.25,12.45,11.7,11.71,12.95,-1.24,-9.58,77585.74,93642.505
20180530,603066.SH,11.58,11.58,10.54,10.56,11.71,-1.15,-9.82,61602.93,66772.122
20180531,603066.SH,10.68,10.93,10.25,10.79,10.56,0.23,2.18,48519.03,51636.59
20180601,603066.SH,10.98,11.76,10.78,11.13,10.79,0.34,3.15,52689.63,58724.927
20180604,603066.SH,10.96,11.59,10.65,10.99,11.13,-0.14,-1.26,43832.01,48292.109
20180605,603066.SH,11.35,11.43,10.98,11.1,10.99,0.11,1.0,33818.93,37653.25
20180606,603066.SH,11.03,12.11,10.82,11.87,11.1,0.77,6.94,69686.18,79633.665
20180607,603066.SH,11.7,11.88,11.53,11.68,11.87,-0.19,-1.6,55939.53,65328.393
20180608,603066.SH,11.5,11.85,11.15,11.33,11.68,-0.35,-3.0,40286.0,46540.506
20180611,603066.SH,11.2,11.2,10.8,10.94,11.33,-0.39,-3.44,28591.13,31397.356
20180612,603066.SH,10.94,11.08,10.82,10.93,10.94,-0.01,-0.09,18339.58,20055.652
20180613,603066.SH,10.84,10.87,10.34,10.48,10.87,-0.39,-3.59,19217.0,20379.208
20180614,603066.SH,10.46,11.3,10.3,10.65,10.48,0.17,1.62,33496.65,36171.244
20180615,603066.SH,10.65,10.72,10.08,10.21,10.65,-0.44,-4.13,27182.0,28145.656
20180619,603066.SH,9.93,9.93,9.19,9.19,10.21,-1.02,-9.99,36908.0,34528.232
20180620,603066.SH,9.11,9.27,8.76,8.98,9.19,-0.21,-2.29,30002.21,27121.083
20180621,603066.SH,9.88,9.88,9.88,9.88,8.98,0.9,10.02,46391.04,45834.348
20180622,603066.SH,9.9,10.34,9.7,10.07,9.88,0.19,1.92,95119.91,95544.599
20180625,603066.SH,9.88,9.99,9.56,9.61,10.07,-0.46,-4.57,60265.95,58492.97
20180626,603066.SH,9.22,9.57,9.22,9.47,9.61,-0.14,-1.46,37319.09,35002.64
20180627,603066.SH,9.45,9.59,9.21,9.23,9.47,-0.24,-2.53,26386.09,24745.116
20180628,603066.SH,9.3,9.5,8.92,9.05,9.23,-0.18,-1.95,26314.0,24255.078
20180629,603066.SH,8.99,9.43,8.96,9.38,9.05,0.33,3.65,33820.0,31218.448
20180702,603066.SH,9.33,9.44,9.03,9.19,9.38,-0.19,-2.03,26455.0,24506.283
20180703,603066.SH,9.28,9.45,9.08,9.4,9.19,0.21,2.29,21565.09,20021.847
20180704,603066.SH,9.3,9.39,9.05,9.1,9.4,-0.3,-3.19,19139.27,17571.503
20180705,603066.SH,9.07,9.2,8.81,8.82,9.1,-0.28,-3.08,16545.0,14896.009
20180706,603066.SH,8.8,9.1,8.72,8.9,8.82,0.08,0.91,18130.0,16159.594
20180709,603066.SH,8.88,9.15,8.85,9.09,8.9,0.19,2.13,15465.0,13974.95
20180710,603066.SH,9.1,9.24,9.02,9.16,9.09,0.07,0.77,16899.0,15435.255
20180711,603066.SH,9.03,9.03,8.76,8.87,9.16,-0.29,-3.17,19601.0,17468.634
20180712,603066.SH,8.96,9.29,8.88,9.19,8.87,0.32,3.61,23479.0,21401.129
20180713,603066.SH,9.19,9.25,9.11,9.2,9.19,0.01,0.11,16897.0,15502.418
20180716,603066.SH,9.2,9.25,9.06,9.19,9.2,-0.01,-0.11,13032.0,11900.987
20180717,603066.SH,9.12,9.54,9.12,9.33,9.19,0.14,1.52,22951.0,21367.85
20180718,603066.SH,9.37,9.39,9.2,9.22,9.33,-0.11,-1.18,19197.09,17847.364
20180719,603066.SH,9.2,9.28,9.05,9.06,9.22,-0.16,-1.74,13986.0,12768.653
20180720,603066.SH,9.12,9.27,9.05,9.22,9.06,0.16,1.766,12656.78,11618.2
20180723,603066.SH,9.2,9.46,9.17,9.43,9.22,0.21,2.2777,23354.78,21890.402
20180724,603066.SH,9.38,9.8,9.35,9.69,9.43,0.26,2.7572,27631.78,26610.763
20180725,603066.SH,9.78,10.32,9.69,10.05,9.69,0.36,3.7152,38991.78,39233.729
20180726,603066.SH,9.98,10.0,9.83,9.89,10.05,-0.16,-1.592,18937.0,18750.595
20180727,603066.SH,9.89,10.27,9.83,10.07,9.89,0.18,1.82,20427.0,20568.882
20180730,603066.SH,10.12,10.16,9.9,9.99,10.07,-0.08,-0.7944,16000.0,16025.607
20180731,603066.SH,9.99,10.13,9.88,9.97,9.99,-0.02,-0.2002,12241.0,12227.734
20180801,603066.SH,10.1,10.29,9.9,10.0,9.97,0.03,0.3009,17479.0,17665.356
20180802,603066.SH,9.88,9.98,9.48,9.74,10.0,-0.26,-2.6,23466.92,22759.85
20180803,603066.SH,9.74,9.95,9.69,9.73,9.74,-0.01,-0.1027,13173.0,12904.44
20180806,603066.SH,9.69,9.86,9.4,9.54,9.73,-0.19,-1.9527,16622.0,15989.673
20180807,603066.SH,9.55,10.1,9.49,9.99,9.54,0.45,4.717,18845.0,18395.003
20180808,603066.SH,9.89,10.05,9.65,9.76,9.99,-0.23,-2.3023,12145.0,11916.454
20180809,603066.SH,9.63,10.0,9.63,9.96,9.76,0.2,2.0492,14354.0,14223.461
20180810,603066.SH,9.88,10.1,9.88,10.02,9.96,0.06,0.6024,10381.0,10362.468
20180813,603066.SH,10.1,10.9,9.86,10.64,10.02,0.62,6.1876,49905.22,52288.65
20180814,603066.SH,10.55,10.6,10.34,10.52,10.64,-0.12,-1.1278,25084.22,26166.545
20180815,603066.SH,10.3,10.65,10.27,10.34,10.52,-0.18,-1.711,17773.0,18608.719
20180816,603066.SH,10.22,10.57,10.2,10.49,10.34,0.15,1.4507,25272.0,26452.987
20180817,603066.SH,10.52,10.75,10.1,10.24,10.49,-0.25,-2.3832,19115.22,19814.97
20180820,603066.SH,10.1,10.3,9.98,10.18,10.24,-0.06,-0.5859,13799.0,13965.38
20180821,603066.SH,10.18,10.27,10.03,10.06,10.18,-0.12,-1.1788,13472.0,13670.616
20180822,603066.SH,10.06,10.07,9.76,9.8,10.06,-0.26,-2.5845,19433.0,19212.952
20180823,603066.SH,9.8,9.95,9.44,9.58,9.8,-0.22,-2.2449,27481.0,26399.832
20180824,603066.SH,9.55,9.61,9.43,9.5,9.58,-0.08,-0.8351,12250.77,11644.588
20180827,603066.SH,9.55,9.69,9.55,9.68,9.5,0.18,1.8947,13992.0,13467.448
20180828,603066.SH,9.78,9.78,9.6,9.6,9.68,-0.08,-0.8264,6116.0,5893.84
20180829,603066.SH,9.59,9.59,9.43,9.45,9.6,-0.15,-1.5625,7839.22,7427.678
20180830,603066.SH,9.46,9.55,9.37,9.42,9.45,-0.03,-0.3175,6971.0,6577.797
20180831,603066.SH,9.46,9.66,9.11,9.53,9.42,0.11,1.1677,21283.22,20000.895
20180903,603066.SH,9.52,9.59,9.37,9.44,9.53,-0.09,-0.9444,15154.0,14356.419
20180904,603066.SH,9.44,9.47,9.3,9.44,9.44,0.0,0.0,9733.0,9130.781
20180905,603066.SH,9.49,9.49,9.27,9.32,9.44,-0.12,-1.2712,7466.0,6990.929
20180906,603066.SH,9.21,9.37,8.98,8.98,9.32,-0.34,-3.6481,19854.0,18084.385
20180907,603066.SH,9.11,9.88,9.11,9.56,8.98,0.58,6.4588,60667.2,58759.907
20180910,603066.SH,9.38,9.89,9.22,9.61,9.56,0.05,0.523,41754.28,39989.326
20180911,603066.SH,9.47,9.67,9.28,9.38,9.61,-0.23,-2.3933,23087.0,21793.041
20180912,603066.SH,9.38,9.53,9.35,9.4,9.38,0.02,0.2132,13122.0,12355.838
20180913,603066.SH,9.34,9.54,9.34,9.49,9.4,0.09,0.9574,14314.0,13500.931
20180914,603066.SH,9.5,9.66,9.35,9.49,9.49,0.0,0.0,19470.0,18469.442
20180917,603066.SH,9.41,9.58,9.23,9.46,9.49,-0.03,-0.3161,20669.15,19475.985
20180918,603066.SH,9.36,9.66,9.32,9.61,9.46,0.15,1.5856,21827.0,20783.17
20180919,603066.SH,9.63,9.73,9.52,9.67,9.61,0.06,0.6243,19765.0,19060.733
20180920,603066.SH,9.78,10.22,9.67,9.82,9.67,0.15,1.5512,36482.0,36126.05
20180921,603066.SH,9.85,9.98,9.75,9.97,9.82,0.15,1.5275,26939.0,26660.782
20180925,603066.SH,9.96,10.35,9.9,10.04,9.97,0.07,0.7021,28291.0,28621.797
20180926,603066.SH,10.05,10.7,9.97,10.53,10.04,0.49,4.8805,87035.51,90437.295
20180927,603066.SH,10.5,10.51,10.3,10.37,10.53,-0.16,-1.5195,48922.0,50803.826
20180928,603066.SH,10.35,10.69,10.35,10.49,10.37,0.12,1.1572,41085.76,42980.813
20181008,603066.SH,10.23,10.28,10.0,10.1,10.49,-0.39,-3.7178,36488.49,36951.462
20181009,603066.SH,10.02,10.3,9.95,10.08,10.1,-0.02,-0.198,27467.75,27717.965
20181010,603066.SH,10.01,10.15,9.78,10.02,10.08,-0.06,-0.5952,22764.73,22630.035
20181011,603066.SH,9.53,9.72,9.02,9.02,10.02,-1.0,-9.98,44626.44,41654.887
20181012,603066.SH,8.66,9.12,8.62,8.93,9.02,-0.09,-0.9978,26824.32,23861.511
20181015,603066.SH,9.05,9.1,8.78,8.9,8.93,-0.03,-0.3359,15361.68,13716.349
20181016,603066.SH,8.81,8.97,8.5,8.8,8.9,-0.1,-1.1236,23616.0,20537.407
20181017,603066.SH,8.85,9.0,8.45,8.76,8.8,-0.04,-0.4545,17473.73,15232.813
20181018,603066.SH,8.76,8.76,8.3,8.37,8.76,-0.39,-4.4521,16270.0,13770.214
20181019,603066.SH,8.37,8.8,8.01,8.57,8.37,0.2,2.3895,18201.0,15233.995
20181022,603066.SH,8.64,9.09,8.64,8.94,8.57,0.37,4.3174,27436.96,24438.13
20181023,603066.SH,8.94,9.28,8.88,9.02,8.94,0.08,0.8949,27535.28,24988.89
20181024,603066.SH,9.05,9.13,8.88,9.04,9.02,0.02,0.2217,13916.0,12535.888
20181025,603066.SH,8.78,8.99,8.62,8.93,9.04,-0.11,-1.2168,19048.02,16720.238
20181026,603066.SH,8.97,9.07,8.82,8.88,8.93,-0.05,-0.5599,11526.09,10270.447
20181029,603066.SH,8.88,9.04,8.62,9.01,8.88,0.13,1.464,18090.24,16064.02
