ts_code,trade_date,open,high,low,close,pre_close,change,pct_change,vol,amount
000001.SZ,20060724,7.17,7.28,7.05,7.26,7.2,0.06,0.83,41847.24,30064.4779
000002.SZ,20060724,5.95,6.08,5.88,6.04,6.04,0.0,0.0,289203.93,174012.54
000006.SZ,20060724,9.67,9.99,9.3,9.72,9.55,0.17,1.78,138531.5,135800.9722
000008.SZ,20060724,4.57,4.66,4.51,4.61,4.6,0.01,0.22,4872.74,2227.0766
000009.SZ,20060724,3.86,3.93,3.68,3.92,3.9,0.02,0.51,56615.42,21919.5842
000011.SZ,20060724,5.19,5.3,5.08,5.25,5.28,-0.03,-0.57,15364.78,7991.2862
000012.SZ,20060724,7.54,7.58,7.31,7.54,7.67,-0.13,-1.69,39507.09,29323.1971
000014.SZ,20060724,5.78,5.8,5.54,5.71,5.89,-0.18,-3.06,34014.74,19302.0687
000016.SZ,20060724,3.97,4.0,3.87,3.98,4.03,-0.05,-1.24,26820.27,10606.3226
000017.SZ,20060724,2.88,3.01,2.75,3.0,2.88,0.12,4.17,21175.07,6206.1809
000018.SZ,20060724,4.0,4.05,3.91,4.03,4.02,0.01,0.25,3630.76,1438.4814
000020.SZ,20060724,3.9,3.94,3.77,3.86,3.96,-0.1,-2.53,6063.39,2335.751
000021.SZ,20060724,7.85,7.99,7.81,7.98,8.06,-0.08,-0.99,34159.24,26942.5321
000022.SZ,20060724,13.5,13.59,13.35,13.52,13.71,-0.19,-1.39,10571.61,14227.4954
000023.SZ,20060724,4.23,4.74,4.07,4.61,4.31,0.3,6.96,67519.85,30379.1788
000024.SZ,20060724,11.3,11.82,11.05,11.66,11.42,0.24,2.1,23846.11,27729.9546
000025.SZ,20060724,3.8,3.93,3.8,3.89,3.94,-0.05,-1.27,9214.39,3571.548
000026.SZ,20060724,6.41,6.66,6.35,6.54,6.6,-0.06,-0.91,11788.32,7688.5461
000027.SZ,20060724,6.9,7.09,6.85,7.01,6.99,0.02,0.29,39347.82,27535.1806
000028.SZ,20060724,6.18,6.43,6.09,6.39,6.3,0.09,1.43,9130.08,5756.7613
000029.SZ,20060724,4.1,4.35,3.9,4.31,4.19,0.12,2.86,106871.88,45230.1915
000030.SZ,20060724,1.88,1.97,1.82,1.94,1.9,0.04,2.11,17774.45,3413.8836
000031.SZ,20060724,7.31,7.4,7.1,7.34,7.49,-0.15,-2.0,109572.77,79343.235
000032.SZ,20060724,4.99,5.04,4.89,5.03,5.02,0.01,0.2,11147.06,5530.5376
000033.SZ,20060724,3.39,3.49,3.35,3.49,3.46,0.03,0.87,17381.0,5946.9125
000034.SZ,20060724,1.9,1.99,1.81,1.95,1.9,0.05,2.63,22612.05,4375.1829
000035.SZ,20060724,2.22,2.36,2.19,2.36,2.25,0.11,4.89,27274.19,6323.1244
000036.SZ,20060724,3.31,3.42,3.25,3.38,3.39,-0.01,-0.3,163059.52,54331.4219
000037.SZ,20060724,4.9,4.92,4.76,4.9,4.95,-0.05,-1.01,4696.65,2279.5637
000038.SZ,20060724,5.55,5.62,5.42,5.57,5.63,-0.06,-1.07,3441.67,1896.9166
000039.SZ,20060724,13.35,13.35,13.02,13.12,13.36,-0.24,-1.8,42464.3,55930.5465
000040.SZ,20060724,2.7,2.83,2.66,2.82,2.84,-0.02,-0.7,33077.66,9205.8011
000043.SZ,20060724,8.01,8.9,8.01,8.66,8.2,0.46,5.61,43938.48,37231.652
000045.SZ,20060724,8.37,8.52,8.05,8.48,8.53,-0.05,-0.59,8108.0,6757.9305
000046.SZ,20060724,9.01,9.14,8.8,9.05,9.14,-0.09,-0.98,13739.97,12361.4712
000048.SZ,20060724,2.31,2.35,2.21,2.34,2.34,0.0,0.0,9541.97,2204.0027
000049.SZ,20060724,6.6,6.65,6.39,6.64,6.73,-0.09,-1.34,7201.71,4714.6806
000050.SZ,20060724,6.56,6.84,6.4,6.69,6.67,0.02,0.3,27952.72,18478.645
000055.SZ,20060724,5.66,5.66,5.45,5.58,5.75,-0.17,-2.96,18461.39,10244.4217
000056.SZ,20060724,4.2,4.31,4.1,4.28,4.26,0.02,0.47,16438.78,6926.9075
000058.SZ,20060724,2.86,2.86,2.7,2.86,2.86,0.0,0.0,26512.27,7427.0546
000059.SZ,20060724,4.48,4.58,4.39,4.48,4.52,-0.04,-0.89,35372.84,15853.9043
000060.SZ,20060724,12.2,12.63,12.1,12.45,12.65,-0.2,-1.58,76430.49,94522.121
000061.SZ,20060724,10.99,10.99,10.63,10.85,11.11,-0.26,-2.34,66984.17,72391.5057
000062.SZ,20060724,5.85,5.85,5.6,5.69,5.87,-0.18,-3.07,41161.82,23493.0766
000063.SZ,20060724,26.79,27.08,26.4,26.99,27.13,-0.14,-0.52,20671.32,55735.3834
000065.SZ,20060724,4.88,5.04,4.84,4.97,5.04,-0.07,-1.39,8813.61,4365.3735
000066.SZ,20060724,5.77,5.9,5.76,5.9,5.89,0.01,0.17,17195.51,10025.1375
000068.SZ,20060724,4.9,5.03,4.88,5.0,5.04,-0.04,-0.79,27146.9,13539.8127
000069.SZ,20060724,12.3,12.62,12.11,12.58,12.6,-0.02,-0.16,11248.76,14031.1173
000070.SZ,20060724,4.38,4.42,4.28,4.38,4.46,-0.08,-1.79,10987.99,4799.3977
000078.SZ,20060724,3.5,3.58,3.39,3.52,3.56,-0.04,-1.12,36146.7,12651.2921
000088.SZ,20060724,8.34,8.35,8.18,8.29,8.38,-0.09,-1.07,43095.64,35695.6947
000089.SZ,20060724,5.05,5.12,4.98,5.08,5.12,-0.04,-0.78,66405.27,33566.2695
000090.SZ,20060724,8.6,8.85,8.45,8.74,8.8,-0.06,-0.68,17981.65,15682.2733
000096.SZ,20060724,3.65,3.65,3.56,3.62,3.66,-0.04,-1.09,12974.29,4657.4125
000099.SZ,20060724,4.49,4.57,4.44,4.49,4.59,-0.1,-2.18,20132.71,9056.2326
000100.SZ,20060724,2.35,2.39,2.3,2.36,2.41,-0.05,-2.07,132557.89,31164.0221
000150.SZ,20060724,3.06,3.08,2.98,3.05,3.13,-0.08,-2.56,31523.37,9557.8723
000151.SZ,20060724,3.88,4.1,3.8,4.06,3.96,0.1,2.53,93743.91,37336.8305
000153.SZ,20060724,2.95,3.02,2.91,2.98,3.0,-0.02,-0.67,32034.35,9506.6563
000155.SZ,20060724,5.07,5.24,4.95,5.21,5.12,0.09,1.76,55848.81,28791.8844
000157.SZ,20060724,10.8,11.09,10.65,10.85,10.99,-0.14,-1.27,34703.52,37606.3325
000158.SZ,20060724,3.12,3.23,3.12,3.2,3.24,-0.04,-1.23,12943.85,4120.8419
000159.SZ,20060724,3.78,3.84,3.65,3.83,3.83,0.0,0.0,18416.04,6935.1723
000301.SZ,20060724,4.0,4.09,3.92,4.04,4.08,-0.04,-0.98,59352.5,23760.8979
000400.SZ,20060724,9.8,9.85,9.45,9.55,9.9,-0.35,-3.54,73383.03,70446.8554
000401.SZ,20060724,3.73,3.85,3.66,3.85,3.82,0.03,0.79,26977.52,10135.5705
000402.SZ,20060724,8.8,8.99,8.66,8.83,8.95,-0.12,-1.34,70966.26,62631.2636
000403.SZ,20060724,2.54,2.62,2.46,2.6,2.58,0.02,0.78,9223.14,2364.7727
000404.SZ,20060724,3.3,3.3,3.21,3.29,3.36,-0.07,-2.08,11213.17,3647.1509
000407.SZ,20060724,3.82,4.09,3.75,3.99,3.9,0.09,2.31,301541.53,119247.4217
000408.SZ,20060724,2.59,2.63,2.51,2.58,2.61,-0.03,-1.15,15384.41,3955.4553
000409.SZ,20060724,2.4,2.4,2.29,2.35,2.4,-0.05,-2.08,15720.59,3691.0273
000410.SZ,20060724,12.89,13.38,12.5,13.25,13.07,0.18,1.38,18966.11,24791.9011
000413.SZ,20060724,2.89,3.21,2.78,3.12,2.93,0.19,6.48,94974.32,29187.409
000415.SZ,20060724,2.93,2.97,2.85,2.91,2.92,-0.01,-0.34,10519.78,3051.5533
000417.SZ,20060724,4.13,4.39,4.11,4.32,4.25,0.07,1.65,44528.11,18899.7268
000419.SZ,20060724,5.69,5.89,5.56,5.85,5.75,0.1,1.74,17938.13,10342.3966
000420.SZ,20060724,2.39,2.39,2.32,2.37,2.4,-0.03,-1.25,19020.83,4477.4655
000422.SZ,20060724,4.9,5.02,4.85,4.97,5.05,-0.08,-1.58,66353.9,32743.2692
000423.SZ,20060724,12.15,13.48,12.08,13.1,12.4,0.7,5.65,97194.34,125979.108
000426.SZ,20060724,3.48,3.55,3.41,3.54,3.48,0.06,1.72,19835.88,6960.5013
000428.SZ,20060724,6.95,7.35,6.58,7.03,6.98,0.05,0.72,5490.36,3835.7216
000429.SZ,20060724,4.02,4.05,4.0,4.05,4.03,0.02,0.5,40035.93,16067.8377
000430.SZ,20060724,3.39,3.81,3.37,3.81,3.46,0.35,10.12,53312.96,19619.1204
000488.SZ,20060724,4.57,4.6,4.5,4.59,4.65,-0.06,-1.29,69199.58,31445.5518
000498.SZ,20060724,2.17,2.19,2.15,2.18,2.19,-0.01,-0.46,34911.18,7558.2818
000501.SZ,20060724,5.41,5.77,5.2,5.74,5.55,0.19,3.42,31902.35,17842.8431
000503.SZ,20060724,8.06,8.48,7.89,8.35,8.19,0.16,1.95,99919.72,82488.6016
000504.SZ,20060724,5.55,5.55,5.22,5.49,5.63,-0.14,-2.49,34771.79,18803.1947
000506.SZ,20060724,1.65,1.7,1.61,1.67,1.67,0.0,0.0,38059.7,6355.4463
000507.SZ,20060724,5.6,5.6,5.41,5.53,5.67,-0.14,-2.47,21632.28,11878.6333
000509.SZ,20060724,1.8,1.86,1.77,1.84,1.83,0.01,0.55,20602.98,3764.3608
000510.SZ,20060724,2.67,2.7,2.58,2.68,2.68,0.0,0.0,166731.57,44242.2553
000511.SZ,20060724,5.09,5.24,4.9,5.07,5.27,-0.2,-3.8,125285.8,63977.1299
000514.SZ,20060724,5.18,5.28,5.1,5.22,5.3,-0.08,-1.51,12261.09,6384.5141
000516.SZ,20060724,6.63,6.85,6.52,6.84,6.72,0.12,1.79,15504.56,10366.8538
000518.SZ,20060724,2.15,2.16,2.11,2.15,2.17,-0.02,-0.92,62185.79,13308.076
000519.SZ,20060724,4.1,4.19,4.08,4.18,4.23,-0.05,-1.18,24771.41,10247.5767
000520.SZ,20060724,3.15,3.19,3.08,3.15,3.22,-0.07,-2.17,69602.75,21792.3563
000521.SZ,20060724,3.49,3.5,3.41,3.48,3.51,-0.03,-0.85,8413.67,2909.5723
000522.SZ,20060724,3.87,3.87,3.67,3.84,3.9,-0.06,-1.54,22389.76,8525.9719
000523.SZ,20060724,4.12,4.15,4.05,4.14,4.17,-0.03,-0.72,12447.42,5113.8746
000524.SZ,20060724,3.15,3.22,3.09,3.22,3.16,0.06,1.9,16846.43,5320.4081
000525.SZ,20060724,7.18,7.56,7.01,7.35,7.34,0.01,0.14,11901.74,8707.2073
000526.SZ,20060724,4.78,5.06,4.66,4.97,4.85,0.12,2.47,21332.94,10442.4553
000527.SZ,20060724,9.18,9.5,9.08,9.35,9.27,0.08,0.86,36219.91,33873.4996
000528.SZ,20060724,7.69,7.99,7.51,7.95,7.82,0.13,1.66,62188.74,48247.0364
000530.SZ,20060724,4.6,4.6,4.41,4.57,4.6,-0.03,-0.65,12958.75,5873.41
000531.SZ,20060724,5.75,5.83,5.67,5.8,5.8,0.0,0.0,7614.41,4399.3341
000533.SZ,20060724,5.18,5.23,5.11,5.2,5.29,-0.09,-1.7,13031.73,6766.53
000534.SZ,20060724,5.9,6.2,5.83,6.07,5.94,0.13,2.19,23099.57,14072.4499
000536.SZ,20060724,3.27,3.49,3.27,3.47,3.33,0.14,4.2,15704.9,5407.8707
000537.SZ,20060724,3.48,3.7,3.44,3.67,3.6,0.07,1.94,30594.31,10983.2675
000538.SZ,20060724,17.28,17.85,17.01,17.78,17.46,0.32,1.83,20068.61,35426.2781
000539.SZ,20060724,4.18,4.26,4.13,4.23,4.19,0.04,0.95,26878.83,11289.1559
000540.SZ,20060724,2.81,2.89,2.74,2.85,2.84,0.01,0.35,24962.5,7075.8422
000541.SZ,20060724,9.1,9.11,8.95,9.09,9.17,-0.08,-0.87,12729.88,11508.5339
000543.SZ,20060724,3.4,3.5,3.36,3.48,3.52,-0.04,-1.14,27509.66,9450.5746
000544.SZ,20060724,3.4,3.46,3.3,3.41,3.5,-0.09,-2.57,22847.13,7724.7083
000546.SZ,20060724,3.3,3.45,3.22,3.35,3.38,-0.03,-0.89,51912.68,17375.3123
000547.SZ,20060724,4.27,4.27,3.93,4.11,4.36,-0.25,-5.73,79697.81,32784.9928
000549.SZ,20060724,5.1,5.17,4.96,5.15,5.23,-0.08,-1.53,180183.08,91160.6075
000550.SZ,20060724,9.2,9.42,9.0,9.4,9.4,0.0,0.0,15866.59,14575.7517
000551.SZ,20060724,3.95,3.98,3.86,3.98,3.97,0.01,0.25,9510.14,3733.4325
000552.SZ,20060724,5.22,5.45,5.02,5.37,5.24,0.13,2.48,14595.85,7762.5191
000554.SZ,20060724,5.8,5.88,5.66,5.75,5.89,-0.14,-2.38,48742.49,28031.8606
000555.SZ,20060724,3.57,3.75,3.5,3.75,3.57,0.18,5.04,39245.98,14607.7263
000557.SZ,20060724,1.83,1.84,1.77,1.8,1.86,-0.06,-3.23,63449.88,11437.8817
000558.SZ,20060724,4.01,4.4,3.82,4.13,4.07,0.06,1.47,98251.07,40720.974
000559.SZ,20060724,4.05,4.18,3.97,4.08,4.11,-0.03,-0.73,120761.34,49223.9558
000560.SZ,20060724,4.1,4.22,4.03,4.21,4.18,0.03,0.72,8041.99,3335.1685
000561.SZ,20060724,2.0,2.11,1.95,2.05,2.02,0.03,1.49,45276.19,9254.1386
000562.SZ,20060724,7.89,7.94,7.67,7.81,8.0,-0.19,-2.38,69708.93,54439.4187
000564.SZ,20060724,3.44,3.68,3.35,3.64,3.52,0.12,3.41,96480.71,34419.4876
000565.SZ,20060724,4.78,4.82,4.65,4.81,4.83,-0.02,-0.41,9438.25,4481.8308
000566.SZ,20060724,3.46,3.49,3.4,3.47,3.5,-0.03,-0.86,7599.11,2608.2639
000567.SZ,20060724,3.88,3.99,3.7,3.91,3.96,-0.05,-1.26,21231.07,8229.7173
000568.SZ,20060724,12.95,13.75,12.87,13.6,13.19,0.41,3.11,52271.01,70512.2057
000570.SZ,20060724,4.1,4.14,4.0,4.13,4.13,0.0,0.0,19178.26,7780.1873
000571.SZ,20060724,3.0,3.05,2.95,3.0,3.05,-0.05,-1.64,20093.36,6020.2264
000572.SZ,20060724,5.38,5.47,5.2,5.44,5.46,-0.02,-0.37,11643.7,6192.0063
000573.SZ,20060724,2.56,2.73,2.5,2.68,2.59,0.09,3.47,56657.05,14964.1759
000576.SZ,20060724,3.6,3.73,3.59,3.68,3.79,-0.11,-2.9,47386.18,17326.3237
000578.SZ,20060724,3.85,3.98,3.83,3.95,3.94,0.01,0.25,16432.73,6420.7608
000581.SZ,20060724,6.16,6.4,6.11,6.36,6.25,0.11,1.76,45835.72,28756.5558
000584.SZ,20060724,2.99,3.13,2.92,3.11,3.01,0.1,3.32,47946.12,14629.0992
000585.SZ,20060724,2.92,3.05,2.85,3.01,2.96,0.05,1.69,49107.42,14623.6174
000586.SZ,20060724,2.9,2.93,2.82,2.9,2.95,-0.05,-1.69,9268.02,2669.4477
000587.SZ,20060724,2.04,2.09,1.98,2.07,2.05,0.02,0.98,12199.03,2502.3619
000589.SZ,20060724,4.65,4.72,4.58,4.7,4.71,-0.01,-0.21,19469.67,9042.6107
000591.SZ,20060724,8.68,8.85,8.39,8.81,8.77,0.04,0.46,3689.6,3221.6271
000594.SZ,20060724,3.85,3.94,3.8,3.92,3.91,0.01,0.26,32407.88,12542.6092
000595.SZ,20060724,3.51,3.56,3.4,3.56,3.61,-0.05,-1.39,40005.99,13928.2176
000596.SZ,20060724,5.73,5.87,5.46,5.77,5.73,0.04,0.7,6133.84,3487.3431
000597.SZ,20060724,3.34,3.35,3.27,3.34,3.37,-0.03,-0.89,9590.95,3169.631
000598.SZ,20060724,5.09,5.1,4.85,4.93,5.15,-0.22,-4.27,116586.91,57801.8876
000599.SZ,20060724,2.58,2.6,2.55,2.6,2.6,0.0,0.0,33424.61,8593.1887
000600.SZ,20060724,4.6,4.95,4.25,4.89,4.56,0.33,7.24,25582.36,12206.7437
000601.SZ,20060724,3.7,3.7,3.58,3.64,3.71,-0.07,-1.89,27707.04,10092.2089
000602.SZ,20060724,10.8,10.9,10.11,10.52,10.88,-0.36,-3.31,10345.13,10762.4432
000603.SZ,20060724,2.8,2.9,2.73,2.9,2.87,0.03,1.05,7925.46,2260.4265
000605.SZ,20060724,3.84,3.95,3.74,3.91,3.95,-0.04,-1.01,3046.2,1179.3202
000606.SZ,20060724,4.51,4.52,4.35,4.43,4.6,-0.17,-3.7,28929.73,12787.0597
000607.SZ,20060724,3.75,3.82,3.61,3.78,3.81,-0.03,-0.79,53285.74,20005.6706
000608.SZ,20060724,6.27,6.66,6.1,6.51,6.43,0.08,1.24,149753.32,96777.5447
000609.SZ,20060724,8.5,8.84,8.2,8.76,8.65,0.11,1.27,10601.54,9213.6649
000610.SZ,20060724,4.4,4.5,4.13,4.48,4.45,0.03,0.67,13772.19,6001.9506
000612.SZ,20060724,7.31,7.31,7.06,7.24,7.45,-0.21,-2.82,7807.67,5630.6223
000613.SZ,20060724,2.05,2.1,2.0,2.09,2.05,0.04,1.95,7095.47,1458.383
000615.SZ,20060724,3.1,3.13,3.02,3.11,3.14,-0.03,-0.96,19329.92,5960.0835
000616.SZ,20060724,6.28,6.6,6.13,6.39,6.33,0.06,0.95,184771.39,117715.1841
000617.SZ,20060724,20.35,20.67,19.51,20.66,20.7,-0.04,-0.19,2229.52,4510.882
000619.SZ,20060724,6.56,6.58,6.4,6.53,6.64,-0.11,-1.66,30939.32,20024.4838
000625.SZ,20060724,5.39,5.39,5.25,5.32,5.43,-0.11,-2.03,71027.12,37647.4704
000626.SZ,20060724,6.11,6.34,6.01,6.31,6.2,0.11,1.77,11204.71,6934.4934
000627.SZ,20060724,3.73,3.92,3.72,3.78,3.72,0.06,1.61,147508.36,56386.4272
000628.SZ,20060724,4.39,4.57,4.25,4.54,4.42,0.12,2.71,39475.08,17593.0424
000629.SZ,20060724,3.3,3.32,3.25,3.3,3.32,-0.02,-0.6,41406.08,13625.9909
000630.SZ,20060724,6.06,6.16,6.02,6.14,6.23,-0.09,-1.44,58209.13,35514.6395
000633.SZ,20060724,2.5,2.6,2.42,2.52,2.5,0.02,0.8,34261.5,8698.2787
000635.SZ,20060724,6.07,6.14,5.91,6.14,6.2,-0.06,-0.97,19007.3,11421.0912
000636.SZ,20060724,3.42,3.5,3.35,3.48,3.47,0.01,0.29,29629.71,10147.4617
000637.SZ,20060724,6.34,6.49,6.34,6.39,6.5,-0.11,-1.69,4694.5,3010.8685
000639.SZ,20060724,8.6,8.61,8.37,8.55,8.61,-0.06,-0.7,4355.2,3710.0272
000651.SZ,20060724,8.43,8.43,8.25,8.33,8.51,-0.18,-2.12,46421.01,38586.2396
000652.SZ,20060724,5.9,6.01,5.75,5.9,6.03,-0.13,-2.16,152759.97,89802.0348
000657.SZ,20060724,16.68,16.68,16.06,16.2,16.69,-0.49,-2.94,7060.21,11495.6683
000659.SZ,20060724,2.88,2.97,2.85,2.96,2.92,0.04,1.37,37655.75,10982.2845
000661.SZ,20060724,5.51,5.55,5.26,5.4,5.53,-0.13,-2.35,8400.41,4513.1297
000662.SZ,20060724,6.67,7.37,6.55,7.37,6.7,0.67,10.0,77700.93,55898.2578
000665.SZ,20060724,4.57,4.89,4.52,4.7,4.67,0.03,0.64,21419.67,10068.9757
000667.SZ,20060724,5.2,5.75,5.16,5.66,5.36,0.3,5.6,51359.41,28356.3338
000668.SZ,20060724,8.46,8.55,8.28,8.47,8.53,-0.06,-0.7,5245.17,4423.5383
000669.SZ,20060724,6.17,6.23,6.02,6.2,6.2,0.0,0.0,3240.88,1991.0241
000670.SZ,20060724,2.42,2.44,2.32,2.4,2.43,-0.03,-1.23,16601.02,3972.7792
000671.SZ,20060724,6.03,6.62,6.0,6.42,6.17,0.25,4.05,17068.25,10864.2828
000672.SZ,20060724,2.4,2.53,2.38,2.53,2.46,0.07,2.85,35028.99,8692.6136
000673.SZ,20060724,3.42,3.46,3.36,3.45,3.49,-0.04,-1.15,5472.59,1867.0548
000677.SZ,20060724,3.15,3.15,3.06,3.14,3.19,-0.05,-1.57,19153.09,5968.4142
000678.SZ,20060724,3.31,3.38,3.07,3.15,3.41,-0.26,-7.62,155130.12,49620.7615
000679.SZ,20060724,3.83,4.05,3.75,4.04,3.91,0.13,3.32,44757.74,17737.4444
000680.SZ,20060724,5.18,5.32,5.12,5.27,5.31,-0.04,-0.75,80696.99,41986.6191
000683.SZ,20060724,5.2,5.2,4.91,5.04,5.29,-0.25,-4.73,65867.18,33301.5474
000685.SZ,20060724,3.65,3.85,3.52,3.78,3.69,0.09,2.44,43334.32,16264.1107
000686.SZ,20060724,10.57,10.89,10.2,10.73,10.61,0.12,1.13,21919.02,23458.0355
000687.SZ,20060724,2.35,2.35,2.26,2.33,2.35,-0.02,-0.85,11328.41,2623.95
000688.SZ,20060724,1.61,1.66,1.56,1.66,1.58,0.08,5.06,154013.41,25018.5352
000690.SZ,20060724,10.49,10.49,10.04,10.24,10.62,-0.38,-3.58,52701.06,53805.8467
000692.SZ,20060724,2.57,2.65,2.51,2.64,2.59,0.05,1.93,12702.21,3285.9169
000693.SZ,20060724,3.7,3.8,3.6,3.78,3.74,0.04,1.07,4766.3,1785.8091
000695.SZ,20060724,8.04,8.06,7.81,7.93,8.24,-0.31,-3.76,36319.11,28817.2648
000698.SZ,20060724,5.9,6.23,5.81,6.23,6.08,0.15,2.47,46997.07,28795.4988
000700.SZ,20060724,3.42,3.45,3.33,3.42,3.49,-0.07,-2.01,31146.29,10555.6794
000702.SZ,20060724,3.35,3.48,3.29,3.45,3.4,0.05,1.47,101966.04,34876.1991
000703.SZ,20060724,4.22,4.26,4.13,4.25,4.3,-0.05,-1.16,6090.37,2559.4067
000705.SZ,20060724,4.11,4.18,4.08,4.18,4.14,0.04,0.97,8403.51,3476.0679
000707.SZ,20060724,4.7,4.83,4.56,4.74,4.83,-0.09,-1.86,88831.58,41833.1224
000708.SZ,20060724,5.58,5.81,5.47,5.75,5.69,0.06,1.05,47951.84,27071.1692
000709.SZ,20060724,3.56,3.56,3.5,3.53,3.59,-0.06,-1.67,44804.17,15801.2883
000711.SZ,20060724,3.71,4.04,3.71,3.96,3.82,0.14,3.66,33232.93,12950.1207
000712.SZ,20060724,4.2,4.5,4.08,4.42,4.27,0.15,3.51,24214.15,10529.8268
000713.SZ,20060724,4.32,4.4,4.26,4.31,4.42,-0.11,-2.49,36238.55,15649.874
000716.SZ,20060724,3.84,4.03,3.75,3.99,3.9,0.09,2.31,41778.35,16462.6141
000717.SZ,20060724,3.17,3.21,3.09,3.17,3.22,-0.05,-1.55,83392.63,26423.5475
000718.SZ,20060724,4.68,4.68,4.56,4.58,4.72,-0.14,-2.97,19041.79,8798.3462
000719.SZ,20060724,3.55,3.55,3.47,3.5,3.58,-0.08,-2.23,4880.47,1711.3377
000720.SZ,20060724,2.92,2.94,2.82,2.91,2.95,-0.04,-1.36,128763.36,37173.0963
000721.SZ,20060724,6.02,6.02,5.85,5.96,6.1,-0.14,-2.3,5802.4,3439.9934
000722.SZ,20060724,3.19,3.23,3.12,3.21,3.19,0.02,0.63,23938.28,7591.9132
000723.SZ,20060724,6.0,6.15,5.96,6.11,6.11,0.0,0.0,4731.2,2870.9862
000725.SZ,20060724,3.2,3.23,3.14,3.21,3.29,-0.08,-2.43,53878.02,17134.7044
000726.SZ,20060724,7.26,7.31,7.18,7.31,7.32,-0.01,-0.14,20663.47,14990.8044
000727.SZ,20060724,3.67,3.67,3.4,3.56,3.68,-0.12,-3.26,37682.19,13312.6109
000728.SZ,20060724,5.48,5.82,5.18,5.65,5.55,0.1,1.8,24425.56,13728.0265
000729.SZ,20060724,8.17,8.53,8.05,8.49,8.24,0.25,3.03,104030.34,87781.8322
000731.SZ,20060724,11.15,11.43,10.78,11.41,11.2,0.21,1.88,43117.73,48694.3469
000732.SZ,20060724,1.68,1.7,1.6,1.7,1.68,0.02,1.19,25763.04,4284.6083
000733.SZ,20060724,5.4,5.6,5.25,5.52,5.49,0.03,0.55,68585.46,37029.7347
000735.SZ,20060724,2.06,2.06,2.0,2.04,2.06,-0.02,-0.97,41988.67,8525.5702
000736.SZ,20060724,6.95,7.31,6.66,7.31,6.96,0.35,5.03,2977.46,2123.5034
000737.SZ,20060724,3.05,3.07,2.97,3.05,3.09,-0.04,-1.29,23547.79,7122.1263
000738.SZ,20060724,4.8,5.07,4.65,4.87,4.88,-0.01,-0.2,60668.07,29458.6529
000739.SZ,20060724,4.06,4.32,4.01,4.29,4.14,0.15,3.62,34119.4,14372.5541
000748.SZ,20060724,4.44,4.64,4.43,4.6,4.6,0.0,0.0,34701.78,15758.374
000750.SZ,20060724,2.86,2.93,2.82,2.93,2.9,0.03,1.03,13039.08,3752.9187
000751.SZ,20060724,5.1,5.16,5.0,5.05,5.24,-0.19,-3.63,163765.17,83044.6589
000753.SZ,20060724,2.88,2.9,2.79,2.9,2.9,0.0,0.0,33006.45,9414.5638
000755.SZ,20060724,7.15,7.29,7.01,7.2,7.37,-0.17,-2.31,62131.56,44505.5922
000756.SZ,20060724,3.13,3.24,3.07,3.2,3.14,0.06,1.91,11159.81,3534.2688
000757.SZ,20060724,2.15,2.26,2.08,2.26,2.15,0.11,5.12,50311.38,11273.5319
000758.SZ,20060724,8.7,8.8,8.46,8.61,8.8,-0.19,-2.16,37990.71,32698.8121
000759.SZ,20060724,6.63,7.01,6.31,6.91,6.73,0.18,2.67,33212.1,22528.0522
000761.SZ,20060724,4.34,4.36,4.29,4.36,4.39,-0.03,-0.68,14736.85,6387.1128
000762.SZ,20060724,9.95,9.95,9.5,9.52,9.96,-0.44,-4.42,29121.97,28018.7001
000767.SZ,20060724,4.72,4.84,4.66,4.84,4.84,0.0,0.0,72553.13,34467.6054
000768.SZ,20060724,9.22,9.66,9.19,9.55,9.51,0.04,0.42,66465.81,63064.8676
000777.SZ,20060724,8.1,8.21,7.8,8.2,8.18,0.02,0.24,11334.39,9107.0465
000778.SZ,20060724,7.08,7.2,6.96,7.09,7.15,-0.06,-0.84,104963.58,74231.2789
000779.SZ,20060724,2.68,2.72,2.61,2.69,2.72,-0.03,-1.1,11472.07,3074.0133
000780.SZ,20060724,2.74,2.84,2.69,2.71,2.81,-0.1,-3.56,144942.78,39741.0347
000782.SZ,20060724,2.6,2.69,2.56,2.64,2.66,-0.02,-0.75,19040.2,5016.8264
000783.SZ,20060724,5.03,5.11,4.86,4.94,5.22,-0.28,-5.36,93758.48,46555.963
000785.SZ,20060724,4.04,4.45,4.04,4.36,4.24,0.12,2.83,96767.73,41966.9863
000787.SZ,20060724,3.17,3.2,3.04,3.17,3.08,0.09,2.92,32514.42,10171.0382
000788.SZ,20060724,3.42,3.5,3.3,3.45,3.45,0.0,0.0,13012.12,4485.4123
000790.SZ,20060724,7.08,7.55,6.91,7.45,7.24,0.21,2.9,33620.08,24912.5035
000791.SZ,20060724,2.43,2.43,2.35,2.39,2.47,-0.08,-3.24,23465.81,5601.2379
000792.SZ,20060724,19.3,19.95,19.01,19.8,19.79,0.01,0.05,29232.59,57464.0502
000793.SZ,20060724,6.43,6.59,6.29,6.48,6.48,0.0,0.0,99579.0,63772.0016
000795.SZ,20060724,2.95,3.01,2.89,3.0,3.03,-0.03,-0.99,51346.42,15100.9521
000796.SZ,20060724,4.36,4.38,4.19,4.34,4.4,-0.06,-1.36,26931.6,11519.8881
000798.SZ,20060724,3.98,4.01,3.9,4.0,4.03,-0.03,-0.74,8022.93,3172.8938
000799.SZ,20060724,7.68,7.98,7.25,7.81,7.72,0.09,1.17,80173.62,61490.4279
000800.SZ,20060724,3.52,3.55,3.44,3.49,3.57,-0.08,-2.24,137037.64,47792.1686
000802.SZ,20060724,6.43,7.08,6.21,6.68,6.63,0.05,0.75,82666.6,55244.0077
000806.SZ,20060724,2.54,2.54,2.47,2.54,2.56,-0.02,-0.78,36080.81,9070.2437
000807.SZ,20060724,5.93,5.95,5.78,5.8,6.02,-0.22,-3.65,43088.38,25280.5286
000809.SZ,20060724,4.26,4.37,4.13,4.33,4.34,-0.01,-0.23,15295.96,6511.5848
000810.SZ,20060724,6.21,6.35,6.21,6.35,6.39,-0.04,-0.63,3555.81,2233.8626
000811.SZ,20060724,6.53,6.72,6.5,6.72,6.68,0.04,0.6,9927.74,6567.1576
000813.SZ,20060724,2.42,2.44,2.35,2.42,2.42,0.0,0.0,8702.1,2084.2412
000815.SZ,20060724,6.41,6.58,6.3,6.5,6.6,-0.1,-1.52,9910.13,6352.0225
000816.SZ,20060724,3.27,3.45,3.19,3.38,3.3,0.08,2.42,132985.37,44179.9293
000818.SZ,20060724,3.51,3.58,3.41,3.53,3.58,-0.05,-1.4,22421.72,7833.7871
000819.SZ,20060724,10.98,11.6,10.6,11.22,11.0,0.22,2.0,12879.74,14402.3456
000820.SZ,20060724,3.91,3.92,3.83,3.91,3.95,-0.04,-1.01,12504.56,4848.7093
000821.SZ,20060724,3.02,3.11,2.96,3.08,3.08,0.0,0.0,47459.59,14493.7929
000822.SZ,20060724,4.38,4.44,4.3,4.43,4.4,0.03,0.68,43863.46,19147.8611
000823.SZ,20060724,4.72,4.86,4.7,4.83,4.86,-0.03,-0.62,25588.17,12234.6352
000825.SZ,20060724,5.4,5.47,5.26,5.28,5.47,-0.19,-3.47,91319.39,48925.7619
000826.SZ,20060724,6.55,6.65,6.35,6.62,6.7,-0.08,-1.19,24404.39,15859.6704
000828.SZ,20060724,3.69,4.0,3.63,3.9,3.69,0.21,5.69,182850.9,70364.8859
000830.SZ,20060724,3.49,3.49,3.38,3.46,3.55,-0.09,-2.54,92626.92,31783.0897
000831.SZ,20060724,5.33,5.42,5.22,5.37,5.45,-0.08,-1.47,18753.82,10005.3196
000833.SZ,20060724,8.26,8.26,7.86,8.22,8.34,-0.12,-1.44,15246.77,12396.4433
000836.SZ,20060724,4.98,5.0,4.88,4.98,5.04,-0.06,-1.19,7367.09,3639.4015
000837.SZ,20060724,6.55,6.74,6.44,6.74,6.7,0.04,0.6,17095.46,11265.0433
000838.SZ,20060724,8.16,8.25,7.98,8.25,8.22,0.03,0.37,2086.41,1691.1202
000839.SZ,20060724,17.86,18.2,17.5,18.03,18.17,-0.14,-0.77,22529.44,40461.0464
000848.SZ,20060724,8.54,9.2,8.54,9.2,8.8,0.4,4.55,13295.15,11959.6318
000850.SZ,20060724,3.65,3.71,3.56,3.7,3.7,0.0,0.0,46320.87,16868.7235
000851.SZ,20060724,4.7,4.85,4.6,4.82,4.86,-0.04,-0.82,19307.62,9178.3436
000852.SZ,20060724,14.3,15.03,13.98,14.81,14.6,0.21,1.44,18711.62,27402.8045
000856.SZ,20060724,3.98,4.2,3.88,4.2,4.0,0.2,5.0,28176.55,11395.1939
000858.SZ,20060724,12.8,14.21,12.7,14.21,13.0,1.21,9.31,345212.24,471472.1502
000859.SZ,20060724,2.82,2.84,2.75,2.84,2.89,-0.05,-1.73,60018.58,16734.2582
000860.SZ,20060724,5.05,5.38,4.95,5.36,5.15,0.21,4.08,87837.53,46155.8561
000861.SZ,20060724,5.48,5.54,5.4,5.53,5.6,-0.07,-1.25,7818.06,4296.5625
000862.SZ,20060724,3.48,3.65,3.38,3.59,3.52,0.07,1.99,64146.73,22644.6652
000863.SZ,20060724,1.95,2.04,1.89,2.0,1.96,0.04,2.04,8692.9,1732.064
000868.SZ,20060724,3.0,3.09,3.0,3.08,3.08,0.0,0.0,12408.75,3778.4835
000869.SZ,20060724,34.7,36.6,34.2,36.4,34.6,1.8,5.2,8490.62,30195.361
000876.SZ,20060724,10.0,10.22,9.9,10.11,10.26,-0.15,-1.46,31930.07,32066.6733
000877.SZ,20060724,4.51,4.63,4.45,4.62,4.59,0.03,0.65,7812.43,3560.5828
000878.SZ,20060724,10.88,11.28,10.7,11.14,11.22,-0.08,-0.71,99894.46,110464.9436
000881.SZ,20060724,3.14,3.18,3.06,3.18,3.16,0.02,0.63,19381.83,6035.8225
000882.SZ,20060724,7.1,7.23,6.68,7.1,7.17,-0.07,-0.98,30543.19,21427.288
000883.SZ,20060724,3.09,3.14,2.98,3.1,3.1,0.0,0.0,23047.57,7076.8273
000885.SZ,20060724,3.53,3.53,3.47,3.53,3.36,0.17,5.06,22473.87,7925.5566
000886.SZ,20060724,2.42,2.53,2.38,2.5,2.45,0.05,2.04,34548.71,8533.8858
000888.SZ,20060724,6.29,6.5,6.18,6.4,6.36,0.04,0.63,13365.59,8473.2353
000889.SZ,20060724,2.6,2.66,2.52,2.64,2.67,-0.03,-1.12,17762.02,4611.2859
000890.SZ,20060724,2.8,2.97,2.63,2.94,2.85,0.09,3.16,58758.63,16654.9611
000892.SZ,20060724,2.92,2.92,2.82,2.88,2.96,-0.08,-2.7,23799.84,6859.2716
000893.SZ,20060724,5.39,5.49,5.31,5.44,5.44,0.0,0.0,10384.88,5600.6142
000897.SZ,20060724,5.45,5.45,5.22,5.38,5.54,-0.16,-2.89,100619.68,53743.3282
000898.SZ,20060724,5.51,5.66,5.49,5.57,5.6,-0.03,-0.54,66093.77,36749.6074
000899.SZ,20060724,3.41,3.6,3.31,3.5,3.5,0.0,0.0,29751.67,10284.6024
000900.SZ,20060724,8.41,8.63,8.38,8.58,8.4,0.18,2.14,64726.0,55359.7088
000901.SZ,20060724,4.89,5.12,4.75,5.1,4.96,0.14,2.82,27722.26,13809.782
000902.SZ,20060724,4.18,4.25,4.0,4.14,4.35,-0.21,-4.83,25457.52,10410.0649
000903.SZ,20060724,6.76,6.94,6.76,6.87,6.99,-0.12,-1.72,13034.23,8940.7586
000905.SZ,20060724,8.79,8.86,8.6,8.76,8.84,-0.08,-0.91,8508.28,7427.1874
000906.SZ,20060724,5.04,5.3,4.97,5.28,5.11,0.17,3.33,23405.67,12212.2526
000908.SZ,20060724,3.61,3.72,3.53,3.72,3.72,0.0,0.0,12694.46,4612.6493
000909.SZ,20060724,4.39,4.42,4.3,4.4,4.48,-0.08,-1.79,9003.42,3923.5031
000910.SZ,20060724,5.77,6.06,5.61,6.0,5.88,0.12,2.04,52312.8,30722.3708
000911.SZ,20060724,12.45,12.6,12.11,12.47,12.64,-0.17,-1.34,31151.19,38565.0998
000912.SZ,20060724,9.0,9.23,8.83,9.18,9.19,-0.01,-0.11,192112.69,173811.5604
000913.SZ,20060724,3.56,3.61,3.47,3.6,3.56,0.04,1.12,17564.03,6245.5971
000915.SZ,20060724,2.98,3.15,2.9,3.12,3.04,0.08,2.63,54419.1,16560.8468
000916.SZ,20060724,3.3,3.5,3.26,3.44,3.35,0.09,2.69,152166.95,51876.4206
000917.SZ,20060724,8.45,8.45,8.14,8.34,8.55,-0.21,-2.46,37423.74,30948.0617
000918.SZ,20060724,2.56,2.62,2.51,2.59,2.54,0.05,1.97,22342.51,5767.2159
000919.SZ,20060724,4.79,4.82,4.67,4.78,4.85,-0.07,-1.44,16293.93,7758.2744
000920.SZ,20060724,3.36,3.48,3.31,3.46,3.42,0.04,1.17,44576.02,15133.2393
000921.SZ,20060724,2.52,2.66,2.45,2.66,2.53,0.13,5.14,55830.9,14117.4121
000922.SZ,20060724,2.98,3.21,2.93,3.21,3.03,0.18,5.94,81756.31,25255.4094
000923.SZ,20060724,4.3,4.39,4.2,4.33,4.41,-0.08,-1.81,11931.86,5126.6227
000925.SZ,20060724,4.46,4.5,4.36,4.47,4.46,0.01,0.22,3341.71,1484.3562
000926.SZ,20060724,8.61,8.68,8.43,8.61,8.66,-0.05,-0.58,13541.92,11548.9569
000928.SZ,20060724,6.09,6.09,5.83,6.03,6.11,-0.08,-1.31,16760.11,9926.9216
000929.SZ,20060724,5.14,5.73,5.1,5.7,5.21,0.49,9.41,57785.84,32515.5704
000930.SZ,20060724,4.93,5.07,4.85,5.05,4.93,0.12,2.43,275270.6,137863.1388
000932.SZ,20060724,3.68,3.68,3.62,3.66,3.73,-0.07,-1.88,90357.47,32989.5387
000933.SZ,20060724,9.18,9.25,9.0,9.1,9.32,-0.22,-2.36,55181.01,50122.8006
000935.SZ,20060724,5.5,5.75,5.3,5.68,5.43,0.25,4.6,24203.9,13529.7014
000936.SZ,20060724,4.45,4.45,4.23,4.32,4.49,-0.17,-3.79,48200.77,20860.3807
000937.SZ,20060724,5.66,5.73,5.64,5.7,5.77,-0.07,-1.21,35877.67,20370.426
000938.SZ,20060724,8.5,8.72,8.35,8.6,8.63,-0.03,-0.35,10773.5,9160.0447
000949.SZ,20060724,2.71,2.8,2.66,2.77,2.74,0.03,1.09,89581.3,24588.6844
000950.SZ,20060724,6.0,6.0,5.83,5.89,6.01,-0.12,-2.0,6017.3,3553.5059
000951.SZ,20060724,11.92,12.36,11.92,12.3,12.35,-0.05,-0.4,8022.46,9721.4873
000952.SZ,20060724,3.56,3.81,3.42,3.61,7.26,-3.65,-50.28,207955.9,75599.1842
000953.SZ,20060724,3.7,3.86,3.61,3.83,3.77,0.06,1.59,22999.85,8699.0513
000955.SZ,20060724,2.42,2.5,2.36,2.49,2.47,0.02,0.81,10821.9,2636.3364
000957.SZ,20060724,2.62,2.7,2.55,2.7,2.64,0.06,2.27,26630.2,7004.497
000959.SZ,20060724,2.83,2.98,2.8,2.96,2.86,0.1,3.5,41702.29,12054.9155
000960.SZ,20060724,6.15,6.15,6.02,6.1,6.23,-0.13,-2.09,63861.48,38704.0283
000961.SZ,20060724,3.7,3.8,3.61,3.75,3.82,-0.07,-1.83,72225.14,26800.9062
000962.SZ,20060724,5.83,5.85,5.7,5.83,5.9,-0.07,-1.19,19653.85,11400.0
000965.SZ,20060724,5.51,5.66,5.35,5.66,5.65,0.01,0.18,27115.34,14943.5959
000968.SZ,20060724,4.6,4.63,4.52,4.58,4.66,-0.08,-1.72,26641.03,12173.1387
000970.SZ,20060724,10.0,10.55,9.71,10.49,10.06,0.43,4.27,70413.42,72325.0434
000971.SZ,20060724,2.45,2.45,2.31,2.43,2.47,-0.04,-1.62,16644.72,4000.617
000972.SZ,20060724,9.2,9.38,9.12,9.37,9.34,0.03,0.32,4002.85,3693.2287
000973.SZ,20060724,2.36,2.38,2.3,2.38,2.39,-0.01,-0.42,27468.28,6449.9471
000977.SZ,20060724,5.91,6.11,5.87,6.09,6.08,0.01,0.16,20645.23,12340.2395
000978.SZ,20060724,8.25,8.56,8.25,8.48,8.5,-0.02,-0.24,5765.63,4859.1762
000980.SZ,20060724,3.17,3.48,3.14,3.48,3.16,0.32,10.13,50682.86,17316.6178
000981.SZ,20060724,6.06,6.29,6.06,6.23,6.25,-0.02,-0.32,4154.0,2577.4196
000983.SZ,20060724,7.19,7.2,7.04,7.1,7.28,-0.18,-2.47,80824.59,57491.4931
000987.SZ,20060724,10.7,11.32,10.45,11.2,10.97,0.23,2.1,17806.91,19916.8978
000988.SZ,20060724,5.82,6.05,5.7,6.04,5.91,0.13,2.2,29472.75,17484.9132
000989.SZ,20060724,4.72,4.79,4.68,4.78,4.79,-0.01,-0.21,12294.55,5804.1939
000990.SZ,20060724,4.39,4.64,4.2,4.57,4.46,0.11,2.47,33230.76,14982.8507
000995.SZ,20060724,3.93,4.18,3.81,4.16,3.97,0.19,4.79,51750.4,20962.7528
000996.SZ,20060724,4.53,4.6,4.41,4.59,4.56,0.03,0.66,2698.34,1219.7413
000997.SZ,20060724,9.24,9.24,8.75,9.02,9.24,-0.22,-2.38,16791.64,14985.7464
000998.SZ,20060724,7.98,8.05,7.76,8.04,8.08,-0.04,-0.5,17773.24,14113.2016
000999.SZ,20060724,5.17,5.21,5.05,5.15,5.23,-0.08,-1.53,12121.12,6223.398
001696.SZ,20060724,6.8,6.91,6.64,6.83,6.9,-0.07,-1.01,25119.4,17033.0929
002001.SZ,20060724,6.5,6.66,6.3,6.48,6.75,-0.27,-4.0,58868.91,38004.6391
002002.SZ,20060724,5.7,5.75,5.61,5.73,5.75,-0.02,-0.35,7879.13,4469.5221
002003.SZ,20060724,10.67,10.88,10.45,10.86,10.8,0.06,0.56,5741.41,6143.5902
002004.SZ,20060724,7.24,7.3,7.16,7.28,7.4,-0.12,-1.62,7630.55,5529.9442
002005.SZ,20060724,5.15,5.28,5.0,5.17,5.3,-0.13,-2.45,12959.94,6708.4397
002006.SZ,20060724,5.86,5.89,5.5,5.79,5.92,-0.13,-2.2,11031.78,6368.9568
002007.SZ,20060724,20.15,21.58,19.56,21.5,20.15,1.35,6.7,6755.43,14124.9738
002008.SZ,20060724,13.15,13.15,12.72,13.05,13.2,-0.15,-1.14,11285.59,14624.5873
002009.SZ,20060724,11.0,11.3,10.98,11.21,11.31,-0.1,-0.88,14332.62,15943.3806
002010.SZ,20060724,10.45,10.85,10.2,10.72,10.54,0.18,1.71,18597.31,19740.7601
002011.SZ,20060724,6.85,6.85,6.71,6.76,6.84,-0.08,-1.17,5677.02,3836.4779
002012.SZ,20060724,4.5,4.52,4.36,4.5,4.53,-0.03,-0.66,12774.07,5680.6989
002013.SZ,20060724,9.16,9.37,8.82,9.2,9.37,-0.17,-1.81,13480.48,12221.3053
002014.SZ,20060724,8.25,8.42,8.13,8.39,8.45,-0.06,-0.71,4757.05,3952.4809
002015.SZ,20060724,7.5,7.68,7.39,7.49,7.77,-0.28,-3.6,18107.42,13536.1511
002016.SZ,20060724,5.65,5.75,5.53,5.74,5.65,0.09,1.59,6390.7,3636.048
002017.SZ,20060724,7.4,7.4,7.19,7.35,7.47,-0.12,-1.61,7994.59,5832.7399
002018.SZ,20060724,9.81,9.9,9.45,9.9,9.81,0.09,0.92,8968.16,8642.4524
002019.SZ,20060724,8.92,9.05,8.75,9.01,9.03,-0.02,-0.22,3455.38,3089.2136
002020.SZ,20060724,6.57,6.6,6.38,6.53,6.69,-0.16,-2.39,8836.39,5738.8967
002021.SZ,20060724,6.86,7.15,6.8,7.06,6.9,0.16,2.32,24754.74,17396.107
002022.SZ,20060724,12.2,12.38,11.9,12.27,12.37,-0.1,-0.81,4959.93,6047.5746
002023.SZ,20060724,11.55,11.83,11.12,11.82,11.56,0.26,2.25,9312.55,10767.4347
002024.SZ,20060724,51.51,52.86,50.5,51.0,51.75,-0.75,-1.45,9792.71,50208.8125
002025.SZ,20060724,22.45,22.9,22.1,22.49,22.8,-0.31,-1.36,7672.31,17280.9142
002026.SZ,20060724,5.87,5.87,5.65,5.8,5.94,-0.14,-2.36,15130.12,8685.4248
002027.SZ,20060724,6.4,6.47,6.17,6.4,6.45,-0.05,-0.78,10381.33,6602.7263
002028.SZ,20060724,24.0,24.6,24.0,24.53,24.26,0.27,1.11,3388.14,8261.7799
002029.SZ,20060724,12.3,12.5,12.07,12.21,12.5,-0.29,-2.32,4602.22,5628.9667
002030.SZ,20060724,8.0,8.04,7.75,7.91,8.04,-0.13,-1.62,12591.42,9864.2106
002031.SZ,20060724,9.34,9.65,9.12,9.45,9.51,-0.06,-0.63,19031.5,17751.0899
002032.SZ,20060724,15.37,15.4,14.85,15.3,15.39,-0.09,-0.58,5287.21,7986.4008
002033.SZ,20060724,10.8,10.98,10.5,10.96,10.98,-0.02,-0.18,6657.07,7201.2815
002034.SZ,20060724,7.16,7.18,7.0,7.14,7.15,-0.01,-0.14,9033.33,6433.9763
002035.SZ,20060724,5.32,5.37,5.22,5.28,5.37,-0.09,-1.68,15112.74,7974.4265
002036.SZ,20060724,7.1,7.32,6.9,7.3,7.17,0.13,1.81,8153.01,5857.6719
002037.SZ,20060724,7.88,8.3,7.65,8.05,7.93,0.12,1.51,10478.62,8483.5378
002038.SZ,20060724,12.97,13.29,12.63,13.13,13.0,0.13,1.0,3428.03,4453.2394
002039.SZ,20060724,6.66,6.95,6.66,6.9,6.85,0.05,0.73,10163.67,6925.1574
002040.SZ,20060724,5.8,5.8,5.56,5.7,5.83,-0.13,-2.23,20359.45,11552.4933
002041.SZ,20060724,12.55,13.1,12.5,13.0,12.9,0.1,0.78,22627.66,28878.7162
002042.SZ,20060724,3.49,3.52,3.41,3.51,3.54,-0.03,-0.85,8312.93,2896.0496
002043.SZ,20060724,6.13,6.24,5.88,6.19,6.13,0.06,0.98,22934.94,14015.2649
002044.SZ,20060724,4.81,4.89,4.72,4.87,4.84,0.03,0.62,13886.66,6664.4074
002045.SZ,20060724,8.8,9.0,8.55,8.95,8.94,0.01,0.11,10121.57,8917.8189
002046.SZ,20060724,13.9,14.13,13.51,14.11,14.04,0.07,0.5,5206.98,7262.2389
002047.SZ,20060724,5.89,6.17,5.71,6.14,5.96,0.18,3.02,48345.23,29311.5937
002048.SZ,20060724,19.45,19.96,18.8,19.71,19.6,0.11,0.56,7762.01,15095.2904
002049.SZ,20060724,9.01,9.48,8.96,9.43,8.96,0.47,5.25,23258.92,21655.9331
002050.SZ,20060724,8.75,8.9,8.51,8.7,8.9,-0.2,-2.25,27232.1,23728.0747
002051.SZ,20060724,15.76,15.77,15.01,15.42,15.82,-0.4,-2.53,19561.47,29976.0464
002052.SZ,20060724,35.6,36.0,34.12,35.48,37.49,-2.01,-5.36,10863.39,38293.3975
002053.SZ,20060724,14.3,14.3,13.55,13.8,14.54,-0.74,-5.09,62087.15,85776.9877
600000.SH,20060724,9.2,9.57,9.1,9.45,9.39,0.06,0.64,63126.48,59374.431
600001.SH,20060724,3.45,3.5,3.4,3.48,3.49,-0.01,-0.29,61075.5,20955.889
600003.SH,20060724,3.69,3.78,3.68,3.75,3.75,0.0,0.0,14920.7,5568.227
600004.SH,20060724,6.55,6.62,6.52,6.61,6.61,0.0,0.0,20514.42,13456.875
600005.SH,20060724,2.66,2.68,2.61,2.65,2.7,-0.05,-1.85,155925.37,41198.287
600006.SH,20060724,3.6,3.6,3.51,3.59,3.64,-0.05,-1.37,49510.35,17645.868
600007.SH,20060724,6.6,7.47,6.6,7.39,6.81,0.58,8.52,161120.98,116138.997
600008.SH,20060724,4.66,4.85,4.61,4.84,4.74,0.1,2.11,148391.13,70783.509
600009.SH,20060724,13.93,14.06,13.75,14.04,14.1,-0.06,-0.43,28964.26,40373.733
600010.SH,20060724,2.3,2.33,2.28,2.32,2.35,-0.03,-1.28,192829.46,44425.493
600011.SH,20060724,4.61,4.64,4.57,4.6,4.64,-0.04,-0.86,91592.4,42081.53
600012.SH,20060724,5.16,5.16,5.07,5.15,5.2,-0.05,-0.96,48509.49,24760.261
600015.SH,20060724,4.1,4.18,4.08,4.15,4.19,-0.04,-0.95,125340.41,51862.502
600016.SH,20060724,4.15,4.24,4.11,4.2,4.22,-0.02,-0.47,293803.48,122918.947
600019.SH,20060724,4.07,4.08,4.05,4.08,4.1,-0.02,-0.49,179352.33,72881.035
600020.SH,20060724,3.94,3.95,3.88,3.93,3.98,-0.05,-1.26,91480.75,35820.035
600021.SH,20060724,4.4,4.46,4.31,4.37,4.44,-0.07,-1.58,56518.09,24651.249
600022.SH,20060724,3.73,3.76,3.72,3.75,3.77,-0.02,-0.53,17776.19,6645.339
600026.SH,20060724,6.19,6.38,6.05,6.31,6.26,0.05,0.8,110079.34,69258.348
600028.SH,20060724,5.71,5.88,5.63,5.83,5.75,0.08,1.39,384768.48,224085.846
600029.SH,20060724,2.52,2.52,2.48,2.52,2.52,0.0,0.0,97914.92,24537.168
600031.SH,20060724,13.3,13.52,12.81,13.51,13.5,0.01,0.07,18417.21,24273.278
600033.SH,20060724,5.88,5.91,5.79,5.88,5.94,-0.06,-1.01,56305.8,32960.682
600036.SH,20060724,7.51,7.81,7.47,7.67,7.64,0.03,0.39,394204.35,302618.285
600037.SH,20060724,14.35,14.62,14.05,14.57,14.62,-0.05,-0.34,24391.08,34999.802
600039.SH,20060724,5.42,5.59,5.36,5.52,5.63,-0.11,-1.95,23009.17,12639.561
600050.SH,20060724,2.26,2.29,2.24,2.27,2.28,-0.01,-0.44,751732.95,170725.161
600051.SH,20060724,4.63,4.68,4.5,4.63,4.67,-0.04,-0.86,10678.48,4894.128
600052.SH,20060724,3.7,3.77,3.7,3.75,3.8,-0.05,-1.32,25013.54,9331.987
600053.SH,20060724,4.67,4.68,4.48,4.48,4.72,-0.24,-5.08,16690.89,7537.174
600054.SH,20060724,11.18,11.3,10.93,11.26,11.23,0.03,0.27,4771.93,5325.165
600055.SH,20060724,4.82,5.2,4.76,5.11,4.92,0.19,3.86,58598.74,29449.029
600056.SH,20060724,5.84,5.84,5.7,5.81,5.86,-0.05,-0.85,6957.3,4007.861
600057.SH,20060724,4.04,4.06,3.92,4.01,4.1,-0.09,-2.2,52145.77,20780.981
600058.SH,20060724,7.38,7.54,7.2,7.49,7.5,-0.01,-0.13,37618.94,27648.065
600059.SH,20060724,8.4,9.05,8.3,9.0,8.52,0.48,5.63,47799.13,42058.403
600060.SH,20060724,6.49,6.58,6.36,6.54,6.64,-0.1,-1.51,28390.33,18411.826
600061.SH,20060724,2.7,2.84,2.58,2.78,3.61,-0.83,-22.99,91503.83,24894.373
600062.SH,20060724,6.54,6.78,6.45,6.71,6.64,0.07,1.05,19224.53,12850.595
600063.SH,20060724,4.22,4.38,4.09,4.3,4.34,-0.04,-0.92,96001.67,40635.302
600064.SH,20060724,6.35,6.54,6.35,6.53,6.58,-0.05,-0.76,22056.65,14246.937
600066.SH,20060724,8.04,8.07,7.84,8.02,8.18,-0.16,-1.96,19328.77,15461.545
600067.SH,20060724,6.2,6.43,6.1,6.32,6.43,-0.11,-1.71,69353.26,43440.172
600068.SH,20060724,3.16,3.35,3.1,3.33,3.17,0.16,5.05,116768.02,37865.719
600069.SH,20060724,4.38,4.6,4.35,4.53,4.49,0.04,0.89,91644.59,41117.41
600070.SH,20060724,3.63,3.68,3.5,3.66,3.65,0.01,0.27,9276.94,3333.253
600071.SH,20060724,4.69,4.94,4.63,4.84,4.77,0.07,1.47,70001.47,33443.332
600072.SH,20060724,4.58,4.6,4.46,4.56,4.67,-0.11,-2.36,34273.36,15538.555
600073.SH,20060724,6.75,7.21,6.59,7.21,6.55,0.66,10.08,157622.39,111984.099
600074.SH,20060724,2.79,2.93,2.66,2.9,2.81,0.09,3.2,140894.82,39731.734
600075.SH,20060724,7.15,7.15,6.7,6.84,7.18,-0.34,-4.74,72946.13,50292.768
600077.SH,20060724,7.27,7.9,7.27,7.62,7.48,0.14,1.87,5681.53,4315.129
600078.SH,20060724,5.85,5.85,5.68,5.82,5.92,-0.1,-1.69,83634.86,48381.686
600079.SH,20060724,5.75,5.75,5.52,5.64,5.78,-0.14,-2.42,52341.3,29352.073
600080.SH,20060724,2.33,2.51,2.26,2.48,2.35,0.13,5.53,77337.47,18797.466
600081.SH,20060724,3.49,3.53,3.38,3.45,3.51,-0.06,-1.71,9974.1,3408.629
600082.SH,20060724,5.46,5.51,5.2,5.42,5.61,-0.19,-3.39,26442.63,14309.866
600083.SH,20060724,2.39,2.39,2.34,2.37,2.4,-0.03,-1.25,4197.99,992.033
600084.SH,20060724,4.76,4.97,4.68,4.89,4.88,0.01,0.2,34610.93,16703.147
600085.SH,20060724,15.4,15.85,15.22,15.71,15.6,0.11,0.71,15677.61,24492.963
600086.SH,20060724,4.07,4.44,4.05,4.44,4.04,0.4,9.9,102464.76,43397.959
600087.SH,20060724,4.3,4.55,4.21,4.48,4.36,0.12,2.75,172204.67,76819.479
600088.SH,20060724,13.0,13.09,12.5,13.07,13.18,-0.11,-0.83,22609.3,28992.12
600089.SH,20060724,12.08,12.77,12.0,12.71,12.35,0.36,2.92,34450.8,43161.904
600090.SH,20060724,4.3,4.43,4.18,4.33,4.35,-0.02,-0.46,18545.52,7984.569
600091.SH,20060724,4.49,4.8,4.42,4.7,4.55,0.15,3.3,188531.09,87587.262
600092.SH,20060724,1.33,1.35,1.28,1.34,1.35,-0.01,-0.74,30137.68,3975.617
600093.SH,20060724,2.3,2.35,2.21,2.3,2.33,-0.03,-1.29,34347.39,7858.701
600094.SH,20060724,4.55,4.55,4.4,4.48,4.55,-0.07,-1.54,12428.11,5533.643
600096.SH,20060724,9.7,9.74,9.41,9.67,9.8,-0.13,-1.33,41747.85,40043.773
600097.SH,20060724,4.95,4.95,4.8,4.9,5.04,-0.14,-2.78,7730.38,3772.655
600098.SH,20060724,4.1,4.2,4.09,4.18,4.16,0.02,0.48,34628.79,14369.218
600100.SH,20060724,9.26,9.39,9.12,9.33,9.5,-0.17,-1.79,73290.24,67790.717
600101.SH,20060724,5.63,6.01,5.63,5.96,5.84,0.12,2.05,27141.77,16014.523
600102.SH,20060724,5.76,5.77,5.45,5.55,5.26,0.29,5.51,112642.43,62638.284
600103.SH,20060724,3.1,3.17,3.04,3.17,3.18,-0.01,-0.31,53143.92,16535.287
600104.SH,20060724,5.95,6.12,5.91,6.0,6.04,-0.04,-0.66,67568.19,40670.721
600105.SH,20060724,4.41,4.49,4.34,4.47,4.51,-0.04,-0.89,18636.79,8259.835
600106.SH,20060724,4.08,4.11,4.0,4.1,4.13,-0.03,-0.73,7634.89,3096.41
600107.SH,20060724,3.24,3.26,3.18,3.24,3.28,-0.04,-1.22,15057.2,4845.086
600108.SH,20060724,2.12,2.22,2.06,2.22,2.15,0.07,3.26,279078.15,60090.51
600109.SH,20060724,6.78,6.97,6.61,6.86,6.9,-0.04,-0.58,2886.12,1965.583
600111.SH,20060724,7.28,7.68,7.16,7.6,7.43,0.17,2.29,107453.46,81047.23
600113.SH,20060724,4.95,5.05,4.81,5.05,5.01,0.04,0.8,7265.67,3578.535
600114.SH,20060724,4.89,4.89,4.75,4.89,4.89,0.0,0.0,16857.0,8133.856
600115.SH,20060724,2.71,2.72,2.66,2.7,2.73,-0.03,-1.1,16634.59,4481.049
600116.SH,20060724,5.83,5.83,5.65,5.8,5.87,-0.07,-1.19,5231.5,3004.57
600117.SH,20060724,4.25,4.3,4.19,4.3,4.26,0.04,0.94,15905.98,6776.801
600118.SH,20060724,15.98,16.45,15.69,16.34,16.18,0.16,0.99,7076.66,11455.382
600119.SH,20060724,3.08,3.15,3.06,3.14,3.15,-0.01,-0.32,9276.27,2892.242
600120.SH,20060724,3.14,3.2,3.05,3.18,3.18,0.0,0.0,53458.62,16793.769
600121.SH,20060724,4.06,4.11,4.04,4.11,4.13,-0.02,-0.48,27095.65,11043.702
600122.SH,20060724,7.3,8.2,7.25,8.2,7.45,0.75,10.07,115517.85,91710.052
600123.SH,20060724,12.7,12.7,12.28,12.48,12.92,-0.44,-3.41,57714.9,71954.402
600125.SH,20060724,7.3,7.5,7.15,7.5,7.38,0.12,1.63,26260.54,19416.822
600126.SH,20060724,3.66,3.66,3.58,3.65,3.68,-0.03,-0.82,12612.09,4575.388
600127.SH,20060724,3.29,3.31,3.2,3.31,3.31,0.0,0.0,15196.01,4965.776
600128.SH,20060724,4.59,4.79,4.52,4.59,4.72,-0.13,-2.75,35900.6,16588.106
600129.SH,20060724,5.29,5.34,5.12,5.31,5.37,-0.06,-1.12,13235.85,6959.148
600130.SH,20060724,5.6,5.64,5.47,5.61,5.72,-0.11,-1.92,47606.7,26496.572
600131.SH,20060724,5.08,5.08,4.9,5.05,5.15,-0.1,-1.94,25253.03,12654.211
600133.SH,20060724,5.55,5.66,5.42,5.6,5.62,-0.02,-0.36,14949.64,8272.508
600135.SH,20060724,4.31,4.39,4.31,4.37,4.42,-0.05,-1.13,13037.31,5671.073
600137.SH,20060724,5.82,6.09,5.77,5.8,5.82,-0.02,-0.34,1845.0,1085.135
600138.SH,20060724,8.56,9.02,8.41,8.87,8.74,0.13,1.49,71268.04,62305.957
600139.SH,20060724,4.72,4.76,4.65,4.75,4.74,0.01,0.21,3345.37,1574.461
600141.SH,20060724,6.3,6.38,6.03,6.35,6.4,-0.05,-0.78,11239.15,7036.002
600143.SH,20060724,18.95,19.08,18.5,19.01,19.19,-0.18,-0.94,4408.55,8277.26
600145.SH,20060724,3.43,3.44,3.31,3.43,3.46,-0.03,-0.87,9424.4,3213.643
600146.SH,20060724,3.54,3.72,3.47,3.71,3.54,0.17,4.8,11051.03,4039.371
600148.SH,20060724,4.24,4.38,4.17,4.35,4.26,0.09,2.11,50055.03,21577.621
600149.SH,20060724,3.52,3.59,3.47,3.55,3.66,-0.11,-3.01,24938.19,8764.389
600150.SH,20060724,18.6,20.22,18.4,20.08,19.21,0.87,4.53,9485.08,18539.652
600151.SH,20060724,10.52,10.77,10.2,10.6,10.68,-0.08,-0.75,67698.98,71535.4
600152.SH,20060724,3.4,3.47,3.36,3.46,3.4,0.06,1.76,50395.13,17197.164
600153.SH,20060724,4.81,5.14,4.81,5.14,4.92,0.22,4.47,73593.65,36989.136
600155.SH,20060724,2.6,2.61,2.5,2.6,2.62,-0.02,-0.76,12989.96,3324.589
600156.SH,20060724,2.81,2.96,2.73,2.95,2.86,0.09,3.15,26960.83,7700.413
600157.SH,20060724,7.38,7.49,7.03,7.43,7.61,-0.18,-2.37,9235.22,6800.744
600158.SH,20060724,11.19,11.66,10.9,11.44,11.44,0.0,0.0,32065.68,36514.087
600159.SH,20060724,4.29,4.7,4.1,4.7,4.27,0.43,10.07,130973.78,59514.61
600160.SH,20060724,5.57,5.6,5.4,5.57,5.68,-0.11,-1.94,45051.13,24864.209
600161.SH,20060724,13.8,14.3,13.45,14.11,13.97,0.14,1.0,10349.01,14491.066
600162.SH,20060724,5.4,5.75,5.3,5.68,5.53,0.15,2.71,55285.29,30959.681
600163.SH,20060724,3.26,3.28,3.15,3.27,3.32,-0.05,-1.51,9954.44,3228.642
600165.SH,20060724,3.44,3.7,3.38,3.67,3.54,0.13,3.67,54315.12,19440.368
600166.SH,20060724,2.59,2.6,2.55,2.58,2.61,-0.03,-1.15,44279.68,11386.282
600167.SH,20060724,5.31,5.31,5.0,5.26,5.33,-0.07,-1.31,10881.08,5684.561
600168.SH,20060724,3.43,3.47,3.37,3.47,3.47,0.0,0.0,10364.07,3544.222
600169.SH,20060724,5.51,5.55,5.33,5.53,5.6,-0.07,-1.25,35976.45,19595.76
600170.SH,20060724,4.38,4.52,4.3,4.47,4.41,0.06,1.36,73526.64,32733.184
600171.SH,20060724,5.8,6.02,5.66,5.95,5.91,0.04,0.68,65463.35,38217.232
600172.SH,20060724,4.84,4.9,4.68,4.87,4.86,0.01,0.21,16658.25,8032.026
600173.SH,20060724,2.21,2.29,2.2,2.28,2.26,0.02,0.89,18060.5,4055.713
600175.SH,20060724,4.02,4.35,4.0,4.28,4.15,0.13,3.13,43362.36,18443.951
600176.SH,20060724,7.19,7.59,7.06,7.56,7.27,0.29,3.99,74197.11,55117.798
600177.SH,20060724,5.78,5.85,5.65,5.8,5.82,-0.02,-0.34,62691.38,36028.319
600178.SH,20060724,4.8,4.84,4.65,4.75,4.91,-0.16,-3.26,27017.56,12805.413
600179.SH,20060724,3.74,3.98,3.63,3.93,3.8,0.13,3.42,146598.94,56520.731
600180.SH,20060724,4.45,4.55,4.32,4.51,4.54,-0.03,-0.66,15039.53,6729.357
600182.SH,20060724,3.94,3.94,3.83,3.91,3.98,-0.07,-1.76,18966.76,7358.379
600183.SH,20060724,11.31,12.15,11.14,12.04,11.46,0.58,5.06,172405.87,201870.051
600185.SH,20060724,3.49,3.5,3.38,3.47,3.58,-0.11,-3.07,40122.91,13841.007
600186.SH,20060724,2.98,3.06,2.92,3.02,3.07,-0.05,-1.63,140024.81,42116.59
600188.SH,20060724,6.9,6.92,6.79,6.89,7.03,-0.14,-1.99,61155.96,41914.043
600189.SH,20060724,4.93,5.07,4.8,5.06,5.03,0.03,0.6,17494.88,8748.582
600190.SH,20060724,4.03,4.03,3.86,3.98,4.07,-0.09,-2.21,24365.63,9671.209
600191.SH,20060724,4.99,5.05,4.9,5.03,5.1,-0.07,-1.37,14835.21,7396.35
600193.SH,20060724,3.73,3.89,3.61,3.85,3.79,0.06,1.58,12864.94,4860.562
600195.SH,20060724,6.66,6.66,6.41,6.57,6.6,-0.03,-0.45,10321.35,6744.145
600196.SH,20060724,5.75,6.07,5.72,6.06,5.87,0.19,3.24,136866.52,81720.301
600198.SH,20060724,9.73,10.1,9.62,9.97,10.07,-0.1,-0.99,48556.15,48035.931
600199.SH,20060724,2.73,2.84,2.65,2.84,2.79,0.05,1.79,47874.64,13333.07
600200.SH,20060724,7.67,7.67,7.51,7.53,7.69,-0.16,-2.08,6207.15,4682.652
600201.SH,20060724,4.78,4.93,4.65,4.84,4.89,-0.05,-1.02,51177.1,24558.275
600203.SH,20060724,4.82,5.17,4.79,5.11,4.89,0.22,4.5,69392.36,35081.261
600205.SH,20060724,16.4,16.56,16.22,16.44,16.78,-0.34,-2.03,21475.14,35186.013
600206.SH,20060724,7.0,7.13,6.9,7.12,7.11,0.01,0.14,8838.18,6229.924
600207.SH,20060724,3.03,3.03,2.95,3.0,3.04,-0.04,-1.32,32411.88,9670.901
600210.SH,20060724,2.41,2.42,2.37,2.41,2.44,-0.03,-1.23,103487.45,24778.069
600211.SH,20060724,11.0,11.13,10.51,10.89,11.13,-0.24,-2.16,3586.86,3926.508
600212.SH,20060724,2.67,2.72,2.6,2.71,2.7,0.01,0.37,48745.24,12935.765
600215.SH,20060724,5.51,5.56,5.42,5.55,5.6,-0.05,-0.89,16803.5,9243.609
600216.SH,20060724,5.25,5.34,5.14,5.3,5.38,-0.08,-1.49,31760.49,16642.35
600217.SH,20060724,1.96,1.97,1.93,1.97,1.99,-0.02,-1.01,61276.42,11958.212
600218.SH,20060724,3.05,3.23,3.0,3.22,3.1,0.12,3.87,70274.74,22071.852
600219.SH,20060724,5.57,5.57,5.4,5.49,5.62,-0.13,-2.31,57360.52,31355.149
600220.SH,20060724,5.35,5.35,5.04,5.25,5.44,-0.19,-3.49,108002.48,56397.988
600222.SH,20060724,13.19,13.25,12.58,13.05,13.37,-0.32,-2.39,1478.79,1929.477
600223.SH,20060724,2.25,2.26,2.2,2.25,2.27,-0.02,-0.88,16821.4,3754.48
600225.SH,20060724,2.68,2.8,2.68,2.8,2.67,0.13,4.87,31819.59,8840.027
600226.SH,20060724,4.61,4.68,4.57,4.66,4.73,-0.07,-1.48,13970.11,6474.964
600227.SH,20060724,9.1,9.1,8.73,8.92,9.18,-0.26,-2.83,30443.94,27038.998
600228.SH,20060724,3.4,3.6,3.3,3.54,3.48,0.06,1.72,83477.45,28753.896
600229.SH,20060724,3.59,3.74,3.52,3.71,3.64,0.07,1.92,52561.7,19280.512
600230.SH,20060724,6.33,6.47,6.21,6.35,6.47,-0.12,-1.85,37524.22,23769.316
600231.SH,20060724,3.71,3.77,3.65,3.76,3.73,0.03,0.8,56227.98,20933.671
600232.SH,20060724,5.91,6.02,5.78,6.01,5.97,0.04,0.67,12126.59,7151.201
600233.SH,20060724,3.34,3.34,3.29,3.34,3.36,-0.02,-0.6,5515.83,1829.902
600234.SH,20060724,2.35,2.48,2.3,2.46,2.37,0.09,3.8,10560.12,2584.487
600235.SH,20060724,3.85,3.85,3.7,3.83,3.86,-0.03,-0.78,17840.34,6772.783
600236.SH,20060724,4.87,5.03,4.85,5.0,4.89,0.11,2.25,62859.89,31201.007
600237.SH,20060724,3.83,3.86,3.72,3.81,3.93,-0.12,-3.05,36326.29,13788.851
600238.SH,20060724,5.35,5.67,5.23,5.62,5.5,0.12,2.18,32619.07,17936.548
600239.SH,20060724,4.65,4.8,4.41,4.7,4.88,-0.18,-3.69,27590.41,12858.032
600240.SH,20060724,7.13,7.13,6.81,6.94,7.24,-0.3,-4.14,33094.9,23015.395
600241.SH,20060724,6.33,7.11,6.05,7.04,6.46,0.58,8.98,78469.38,53231.425
600242.SH,20060724,1.74,1.82,1.71,1.81,1.78,0.03,1.69,13805.51,2459.372
600243.SH,20060724,5.58,5.64,5.48,5.6,5.66,-0.06,-1.06,6683.64,3705.28
600247.SH,20060724,3.12,3.3,3.01,3.3,3.17,0.13,4.1,136170.85,43404.132
600249.SH,20060724,8.7,8.9,8.51,8.88,8.86,0.02,0.23,5319.03,4631.9
600250.SH,20060724,3.44,3.48,3.34,3.46,3.44,0.02,0.58,9691.78,3304.002
600251.SH,20060724,5.45,5.62,5.3,5.61,5.57,0.04,0.72,25142.22,13786.846
600252.SH,20060724,4.54,4.85,4.4,4.84,4.55,0.29,6.37,35098.87,16608.445
600253.SH,20060724,3.25,3.36,3.2,3.33,3.28,0.05,1.52,18823.7,6184.184
600255.SH,20060724,8.0,8.0,7.5,7.95,8.17,-0.22,-2.69,7342.73,5748.486
600256.SH,20060724,5.88,5.93,5.69,5.88,5.97,-0.09,-1.51,123373.5,71845.912
600257.SH,20060724,2.85,2.88,2.78,2.84,2.89,-0.05,-1.73,23629.29,6688.94
600258.SH,20060724,11.53,12.12,11.3,11.85,11.77,0.08,0.68,31360.21,36823.392
600259.SH,20060724,2.0,2.07,1.96,2.05,2.02,0.03,1.49,8899.43,1816.223
600260.SH,20060724,6.97,7.35,6.93,7.25,7.14,0.11,1.54,22633.58,16269.349
600261.SH,20060724,12.01,12.4,11.95,12.4,12.15,0.25,2.06,4089.74,5018.457
600262.SH,20060724,8.21,8.45,8.2,8.3,8.5,-0.2,-2.35,8496.7,7056.616
600263.SH,20060724,5.14,5.7,5.03,5.47,5.18,0.29,5.6,287248.58,154699.532
600265.SH,20060724,6.35,6.64,6.35,6.64,6.52,0.12,1.84,4833.96,3151.109
600267.SH,20060724,6.15,6.15,6.0,6.13,6.19,-0.06,-0.97,27625.87,16765.959
600268.SH,20060724,15.61,15.93,15.4,15.84,16.03,-0.19,-1.19,2420.78,3828.148
600269.SH,20060724,8.6,8.6,8.4,8.47,8.67,-0.2,-2.31,40913.64,34671.974
600271.SH,20060724,27.32,28.18,26.6,27.82,27.49,0.33,1.2,5277.83,14704.287
600272.SH,20060724,4.32,4.35,4.23,4.34,4.36,-0.02,-0.46,6295.35,2700.974
600273.SH,20060724,2.75,2.81,2.72,2.81,2.78,0.03,1.08,15403.04,4264.817
600276.SH,20060724,22.74,24.64,22.74,24.64,23.08,1.56,6.76,4730.34,11247.918
600277.SH,20060724,5.36,5.37,5.21,5.34,5.42,-0.08,-1.48,9609.93,5075.76
600278.SH,20060724,3.85,4.03,3.78,3.98,3.93,0.05,1.27,32591.0,12841.271
600279.SH,20060724,5.32,5.42,5.12,5.39,5.38,0.01,0.19,17744.28,9300.233
600282.SH,20060724,3.78,3.92,3.78,3.87,3.82,0.05,1.31,45375.33,17532.119
600283.SH,20060724,5.71,5.83,5.71,5.8,5.88,-0.08,-1.36,2993.0,1732.591
600284.SH,20060724,5.15,5.21,5.02,5.16,5.19,-0.03,-0.58,33723.6,17277.863
600285.SH,20060724,5.35,5.65,5.27,5.58,5.37,0.21,3.91,29537.48,16344.255
600287.SH,20060724,2.49,2.51,2.45,2.5,2.51,-0.01,-0.4,13599.13,3364.887
600288.SH,20060724,4.33,4.41,4.2,4.35,4.43,-0.08,-1.81,22814.57,9921.907
600289.SH,20060724,10.09,10.5,10.07,10.45,10.33,0.12,1.16,8084.61,8363.464
600291.SH,20060724,5.2,5.4,5.1,5.38,5.25,0.13,2.48,8125.25,4275.093
600292.SH,20060724,3.77,3.81,3.74,3.79,3.82,-0.03,-0.79,17411.09,6574.141
600293.SH,20060724,2.46,2.49,2.41,2.47,2.5,-0.03,-1.2,19531.99,4787.712
600295.SH,20060724,4.8,4.95,4.7,4.9,4.78,0.12,2.51,21247.77,10307.034
600296.SH,20060724,8.3,8.44,8.22,8.35,8.52,-0.17,-2.0,35286.68,29475.836
600298.SH,20060724,13.55,14.08,13.55,14.06,13.83,0.23,1.66,8584.99,11871.686
600300.SH,20060724,3.84,4.08,3.76,4.05,3.91,0.14,3.58,135130.89,54148.788
600301.SH,20060724,4.12,4.12,4.01,4.09,4.12,-0.03,-0.73,6412.15,2601.187
600302.SH,20060724,4.51,4.55,4.41,4.53,4.6,-0.07,-1.52,24858.16,11161.248
600303.SH,20060724,7.74,7.8,7.4,7.72,7.58,0.14,1.85,47280.84,35825.216
600305.SH,20060724,9.14,9.54,9.13,9.46,9.55,-0.09,-0.94,3003.73,2820.349
600306.SH,20060724,3.96,4.36,3.86,4.36,3.96,0.4,10.1,87848.03,37188.21
600307.SH,20060724,3.81,3.82,3.7,3.73,3.85,-0.12,-3.12,40572.84,15267.597
600308.SH,20060724,7.67,7.67,7.51,7.63,7.73,-0.1,-1.29,29528.84,22417.385
600309.SH,20060724,13.5,13.9,13.2,13.64,13.75,-0.11,-0.8,24441.62,33180.442
600312.SH,20060724,12.82,13.08,12.31,13.0,12.73,0.27,2.12,14951.08,19036.486
600313.SH,20060724,3.31,3.4,3.27,3.37,3.4,-0.03,-0.88,11052.93,3682.411
600315.SH,20060724,13.73,15.91,13.73,15.21,16.23,-1.02,-6.28,91322.5,134875.958
600317.SH,20060724,7.7,7.84,7.62,7.84,7.85,-0.01,-0.13,10383.87,8070.536
600318.SH,20060724,5.62,5.8,5.62,5.73,5.82,-0.09,-1.55,8908.71,5099.176
600319.SH,20060724,4.85,4.94,4.7,4.93,4.9,0.03,0.61,16174.17,7859.574
600320.SH,20060724,10.52,10.79,10.35,10.68,10.76,-0.08,-0.74,151334.75,159825.705
600321.SH,20060724,5.01,5.09,4.91,5.04,4.98,0.06,1.2,80207.28,40212.288
600322.SH,20060724,4.61,4.75,4.61,4.72,4.8,-0.08,-1.67,51679.14,24139.081
600323.SH,20060724,7.5,7.52,7.4,7.5,7.55,-0.05,-0.66,6619.09,4946.68
600325.SH,20060724,7.7,7.85,7.5,7.73,7.91,-0.18,-2.28,39702.48,30408.18
600326.SH,20060724,7.0,7.0,6.5,6.68,7.05,-0.37,-5.25,47977.22,32223.383
600327.SH,20060724,8.45,8.72,8.27,8.7,8.64,0.06,0.69,31423.37,26733.666
600328.SH,20060724,5.18,5.37,5.13,5.3,5.31,-0.01,-0.19,19909.68,10447.601
600329.SH,20060724,5.91,6.04,5.8,6.02,6.03,-0.01,-0.17,10714.45,6365.478
600330.SH,20060724,6.16,6.73,6.01,6.69,6.29,0.4,6.36,53478.05,34512.88
600331.SH,20060724,16.15,16.87,15.9,16.64,16.4,0.24,1.46,23086.32,37968.765
600332.SH,20060724,7.05,7.07,6.8,7.01,7.1,-0.09,-1.27,4880.3,3399.751
600333.SH,20060724,5.69,5.69,5.42,5.61,5.72,-0.11,-1.92,16058.95,8930.432
600335.SH,20060724,7.0,7.0,6.55,6.93,7.03,-0.1,-1.42,4255.55,2891.453
600336.SH,20060724,2.88,2.9,2.83,2.9,2.92,-0.02,-0.68,8017.34,2297.364
600337.SH,20060724,8.99,9.11,8.8,9.05,9.25,-0.2,-2.16,14460.21,13072.128
600338.SH,20060724,6.35,6.35,6.1,6.15,6.32,-0.17,-2.69,4627.85,2849.759
600339.SH,20060724,3.98,4.08,3.81,4.07,4.01,0.06,1.5,36551.27,14642.523
600340.SH,20060724,3.35,3.36,3.15,3.24,3.36,-0.12,-3.57,22781.67,7359.919
600343.SH,20060724,7.6,7.96,7.44,7.86,7.78,0.08,1.03,11957.83,9346.612
600346.SH,20060724,4.43,4.43,4.31,4.4,4.41,-0.01,-0.23,6928.68,3021.391
600348.SH,20060724,12.25,12.35,11.98,12.19,12.45,-0.26,-2.09,27397.1,33287.4
600350.SH,20060724,3.4,3.51,3.37,3.48,3.45,0.03,0.87,65121.61,22445.626
600351.SH,20060724,4.84,4.88,4.71,4.87,4.86,0.01,0.21,13955.94,6724.616
600352.SH,20060724,4.2,4.33,4.12,4.31,4.28,0.03,0.7,34358.7,14594.869
600353.SH,20060724,5.36,5.38,5.25,5.37,5.43,-0.06,-1.11,4396.23,2337.579
600354.SH,20060724,5.79,5.95,5.78,5.87,5.95,-0.08,-1.34,16894.99,9918.542
600355.SH,20060724,3.3,3.54,3.2,3.43,3.39,0.04,1.18,46008.13,15805.737
600356.SH,20060724,7.4,7.85,7.25,7.72,7.46,0.26,3.49,84233.27,64626.711
600357.SH,20060724,4.5,4.59,4.4,4.52,4.57,-0.05,-1.09,56240.5,25191.268
600358.SH,20060724,3.79,4.13,3.69,4.08,3.82,0.26,6.81,245862.87,98186.141
600359.SH,20060724,4.31,4.34,4.24,4.3,4.39,-0.09,-2.05,12865.67,5513.692
600360.SH,20060724,10.32,10.78,10.23,10.51,10.64,-0.13,-1.22,10709.65,11227.403
600361.SH,20060724,16.1,17.22,15.8,16.81,16.1,0.71,4.41,22744.71,38075.275
600362.SH,20060724,10.37,10.6,10.13,10.58,10.65,-0.07,-0.66,46020.6,47832.644
600363.SH,20060724,4.26,4.29,4.15,4.2,4.38,-0.18,-4.11,38242.62,16069.706
600365.SH,20060724,8.05,8.85,7.9,8.69,8.13,0.56,6.89,27753.89,23312.852
600366.SH,20060724,5.69,5.69,5.4,5.61,5.7,-0.09,-1.58,35587.11,19906.009
600367.SH,20060724,5.18,5.21,5.08,5.2,5.23,-0.03,-0.57,12857.76,6616.997
600368.SH,20060724,3.51,3.59,3.4,3.58,3.53,0.05,1.42,11678.49,4107.026
600369.SH,20060724,1.72,1.86,1.68,1.79,1.77,0.02,1.13,114540.09,20072.051
600373.SH,20060724,3.38,3.46,3.32,3.44,3.48,-0.04,-1.15,8159.63,2782.567
600375.SH,20060724,4.1,4.39,4.08,4.37,4.17,0.2,4.8,38100.04,16277.273
600376.SH,20060724,5.94,6.64,5.88,6.64,6.04,0.6,9.93,56276.32,36104.261
600377.SH,20060724,5.1,5.12,5.0,5.07,5.12,-0.05,-0.98,17760.8,8937.53
600378.SH,20060724,6.16,6.36,6.05,6.3,6.27,0.03,0.48,21472.55,13258.633
600379.SH,20060724,7.51,7.8,7.1,7.62,7.68,-0.06,-0.78,43311.23,32473.54
600380.SH,20060724,7.0,7.15,6.95,7.07,7.2,-0.13,-1.81,10415.71,7352.84
600381.SH,20060724,2.88,2.91,2.8,2.91,2.94,-0.03,-1.02,20358.57,5844.532
600382.SH,20060724,7.19,7.55,7.06,7.45,7.31,0.14,1.92,19895.12,14658.94
600386.SH,20060724,7.13,7.35,6.96,7.07,7.22,-0.15,-2.08,39529.47,28153.215
600388.SH,20060724,6.5,6.59,6.4,6.56,6.65,-0.09,-1.35,5589.4,3614.646
600389.SH,20060724,4.55,4.69,4.45,4.64,4.61,0.03,0.65,12423.49,5673.95
600390.SH,20060724,6.26,6.6,6.1,6.54,6.28,0.26,4.14,24785.66,15840.453
600392.SH,20060724,10.7,10.91,10.6,10.87,11.06,-0.19,-1.72,11337.36,12223.759
600393.SH,20060724,3.16,3.38,3.08,3.25,3.27,-0.02,-0.61,67178.67,21851.3
600396.SH,20060724,7.06,7.06,6.74,6.96,7.06,-0.1,-1.42,3219.05,2233.506
600398.SH,20060724,4.85,4.88,4.73,4.88,4.88,0.0,0.0,12412.08,5979.04
600399.SH,20060724,3.2,3.2,3.11,3.19,3.25,-0.06,-1.85,27598.09,8707.906
600401.SH,20060724,2.95,2.95,2.8,2.92,2.98,-0.06,-2.01,32846.02,9496.547
600403.SH,20060724,5.57,5.6,5.48,5.6,5.63,-0.03,-0.53,16661.76,9229.01
600405.SH,20060724,7.75,7.82,7.6,7.73,7.91,-0.18,-2.28,11005.04,8459.816
600408.SH,20060724,4.34,4.49,4.25,4.47,4.37,0.1,2.29,30942.74,13418.071
600409.SH,20060724,3.25,3.28,3.18,3.26,3.33,-0.07,-2.1,28979.15,9385.923
600410.SH,20060724,16.8,17.58,16.3,17.5,17.03,0.47,2.76,7494.95,12766.612
600416.SH,20060724,10.66,11.38,10.51,11.2,10.71,0.49,4.58,37572.57,41815.548
600418.SH,20060724,4.42,4.45,4.35,4.44,4.47,-0.03,-0.67,101438.22,44700.546
600419.SH,20060724,3.57,3.59,3.45,3.58,3.6,-0.02,-0.56,3781.61,1339.621
600420.SH,20060724,6.99,6.99,6.79,6.9,7.07,-0.17,-2.4,23591.82,16203.479
600421.SH,20060724,4.4,4.45,4.28,4.41,4.47,-0.06,-1.34,51265.77,22415.972
600422.SH,20060724,4.18,4.18,3.8,3.99,4.21,-0.22,-5.23,93949.74,37280.68
600423.SH,20060724,9.61,9.97,9.61,9.83,9.98,-0.15,-1.5,19032.4,18573.861
600425.SH,20060724,4.16,4.35,4.03,4.3,4.2,0.1,2.38,29207.59,12454.776
600426.SH,20060724,10.6,10.85,10.4,10.81,10.88,-0.07,-0.64,20945.51,22258.738
600428.SH,20060724,6.78,6.89,6.65,6.87,6.82,0.05,0.73,47329.58,32256.277
600429.SH,20060724,2.77,2.81,2.7,2.81,2.68,0.13,4.85,199249.38,55740.264
600432.SH,20060724,15.45,16.08,15.31,16.05,15.96,0.09,0.56,24416.38,38628.918
600433.SH,20060724,5.1,5.5,4.92,5.28,5.1,0.18,3.53,71974.94,38210.262
600436.SH,20060724,16.62,16.62,16.3,16.55,16.68,-0.13,-0.78,9451.26,15467.597
600438.SH,20060724,7.8,7.95,7.65,7.91,7.84,0.07,0.89,16705.86,13101.944
600439.SH,20060724,11.2,12.0,11.11,11.79,11.45,0.34,2.97,14315.62,16787.511
600444.SH,20060724,6.2,6.32,6.16,6.31,6.35,-0.04,-0.63,4713.09,2949.985
600446.SH,20060724,16.88,16.9,16.3,16.71,16.95,-0.24,-1.42,5406.03,9007.986
600448.SH,20060724,2.81,2.91,2.76,2.89,2.86,0.03,1.05,36434.55,10407.116
600456.SH,20060724,41.0,42.22,39.51,41.8,41.12,0.68,1.65,3038.25,12479.114
600458.SH,20060724,4.95,5.03,4.86,4.99,5.04,-0.05,-0.99,28856.37,14246.572
600459.SH,20060724,12.18,12.18,11.81,12.14,12.34,-0.2,-1.62,5458.96,6546.91
600460.SH,20060724,10.24,10.32,9.95,10.03,10.43,-0.4,-3.84,86434.65,87114.902
600461.SH,20060724,5.05,5.16,4.99,5.15,5.09,0.06,1.18,11430.69,5824.388
600462.SH,20060724,3.82,3.92,3.82,3.92,3.95,-0.03,-0.76,9232.87,3569.355
600463.SH,20060724,6.92,7.5,6.78,7.29,7.06,0.23,3.26,67460.72,48666.767
600466.SH,20060724,5.29,5.37,5.16,5.31,5.36,-0.05,-0.93,6935.87,3659.212
600467.SH,20060724,8.8,9.43,8.71,9.35,8.76,0.59,6.74,44583.25,40880.127
600468.SH,20060724,5.7,5.7,5.5,5.61,5.79,-0.18,-3.11,33427.56,18624.232
600469.SH,20060724,5.1,5.2,5.0,5.18,5.18,0.0,0.0,21712.17,11106.105
600470.SH,20060724,7.1,7.33,7.03,7.3,7.19,0.11,1.53,26400.29,19002.758
600472.SH,20060724,7.94,8.15,7.88,8.06,8.17,-0.11,-1.35,25228.42,20237.001
600475.SH,20060724,9.2,9.61,9.11,9.6,9.53,0.07,0.73,17231.64,16267.443
600476.SH,20060724,6.13,6.28,6.02,6.27,6.27,0.0,0.0,8281.54,5091.346
600477.SH,20060724,3.4,3.49,3.4,3.46,3.52,-0.06,-1.7,16699.15,5735.24
600478.SH,20060724,6.95,6.95,6.65,6.82,6.96,-0.14,-2.01,14589.31,9856.182
600479.SH,20060724,9.9,10.38,9.69,10.3,9.91,0.39,3.94,14890.03,15146.125
600480.SH,20060724,4.54,4.55,4.4,4.42,4.6,-0.18,-3.91,55021.28,24550.697
600481.SH,20060724,5.29,5.34,5.15,5.32,5.41,-0.09,-1.66,31119.89,16286.889
600482.SH,20060724,7.05,7.17,6.9,7.01,7.24,-0.23,-3.18,35638.28,24958.876
600483.SH,20060724,2.54,2.54,2.42,2.48,2.55,-0.07,-2.75,37457.48,9280.603
600485.SH,20060724,10.8,11.08,10.65,11.0,11.1,-0.1,-0.9,11067.1,12091.793
600486.SH,20060724,9.45,9.63,8.78,9.5,9.59,-0.09,-0.94,5068.65,4733.495
600487.SH,20060724,9.89,10.0,9.68,9.79,9.84,-0.05,-0.51,17714.7,17429.643
600488.SH,20060724,4.31,4.31,4.15,4.25,4.37,-0.12,-2.75,39986.04,16897.764
600489.SH,20060724,20.0,20.43,19.66,20.05,20.96,-0.91,-4.34,45594.31,91652.967
600490.SH,20060724,5.28,5.52,5.15,5.48,5.33,0.15,2.81,18469.46,9982.571
600491.SH,20060724,5.79,6.11,5.57,6.04,5.87,0.17,2.9,73522.46,43270.901
600493.SH,20060724,3.83,3.84,3.74,3.84,3.83,0.01,0.26,12893.05,4874.255
600495.SH,20060724,10.3,11.45,10.11,11.45,10.41,1.04,9.99,46749.54,51701.656
600496.SH,20060724,6.35,6.4,6.0,6.37,6.49,-0.12,-1.85,27628.02,17283.503
600497.SH,20060724,32.61,33.3,32.55,33.19,33.45,-0.26,-0.78,18046.3,59418.359
600498.SH,20060724,7.39,7.7,7.25,7.63,7.56,0.07,0.93,21023.57,15844.943
600499.SH,20060724,5.44,5.49,5.2,5.36,5.47,-0.11,-2.01,14641.25,7828.574
600500.SH,20060724,5.32,5.44,5.26,5.38,5.45,-0.07,-1.28,63604.77,33934.982
600501.SH,20060724,11.22,11.25,11.06,11.09,11.24,-0.15,-1.33,3000.0,3337.453
600502.SH,20060724,4.39,4.62,4.33,4.61,4.5,0.11,2.44,17901.27,8062.272
600503.SH,20060724,4.15,4.32,4.02,4.21,4.21,0.0,0.0,8750.05,3693.72
600505.SH,20060724,3.3,3.33,3.25,3.32,3.33,-0.01,-0.3,8930.15,2928.213
600506.SH,20060724,3.11,3.27,3.05,3.23,3.1,0.13,4.19,21072.77,6669.737
600507.SH,20060724,2.3,2.31,2.25,2.29,2.32,-0.03,-1.29,17995.99,4097.255
600508.SH,20060724,6.65,6.66,6.5,6.65,6.74,-0.09,-1.34,24619.39,16180.338
600509.SH,20060724,5.46,5.46,5.32,5.46,5.53,-0.07,-1.27,20178.41,10903.173
600510.SH,20060724,3.7,3.72,3.5,3.72,3.75,-0.03,-0.8,21213.72,7756.878
600511.SH,20060724,15.18,16.38,14.76,16.17,15.2,0.97,6.38,20680.97,33040.946
600512.SH,20060724,3.6,3.63,3.49,3.62,3.67,-0.05,-1.36,26718.0,9565.882
600513.SH,20060724,7.36,7.41,7.11,7.33,7.41,-0.08,-1.08,4153.96,3024.815
600515.SH,20060724,2.03,2.15,2.01,2.11,2.06,0.05,2.43,21436.88,4493.095
600516.SH,20060724,3.39,3.52,3.38,3.52,3.44,0.08,2.33,12003.57,4153.947
600517.SH,20060724,13.3,13.6,13.0,13.24,13.47,-0.23,-1.71,14085.37,18704.043
600518.SH,20060724,9.96,10.64,9.8,10.53,10.07,0.46,4.57,58860.22,61167.735
600519.SH,20060724,44.1,46.87,43.8,46.21,44.43,1.78,4.01,40525.41,185467.434
600520.SH,20060724,4.15,4.24,4.05,4.21,4.17,0.04,0.96,18136.09,7468.79
600521.SH,20060724,10.73,11.48,10.68,11.42,10.84,0.58,5.35,49291.1,55622.582
600522.SH,20060724,4.07,4.28,3.96,4.27,4.12,0.15,3.64,43723.78,18224.805
600523.SH,20060724,7.28,7.5,7.0,7.37,7.35,0.02,0.27,32529.4,23628.564
600525.SH,20060724,18.2,18.48,17.81,18.15,18.6,-0.45,-2.42,8183.7,14747.179
600526.SH,20060724,5.36,5.37,5.21,5.3,5.4,-0.1,-1.85,7814.65,4123.201
600527.SH,20060724,5.55,5.55,5.26,5.36,5.55,-0.19,-3.42,23922.55,12799.981
600528.SH,20060724,6.22,6.33,6.0,6.32,6.33,-0.01,-0.16,81220.93,50521.935
600529.SH,20060724,5.49,5.62,5.4,5.62,5.59,0.03,0.54,20854.66,11526.404
600530.SH,20060724,5.68,5.76,5.51,5.73,5.76,-0.03,-0.52,6160.5,3502.364
600531.SH,20060724,5.81,5.9,5.7,5.81,5.93,-0.12,-2.02,18603.8,10794.534
600532.SH,20060724,3.95,4.03,3.9,4.0,4.05,-0.05,-1.23,9152.18,3626.415
600533.SH,20060724,12.55,12.75,12.33,12.53,12.79,-0.26,-2.03,17684.59,22150.612
600535.SH,20060724,15.69,16.12,15.31,16.1,15.71,0.39,2.48,14443.01,22822.908
600536.SH,20060724,11.23,11.38,11.1,11.31,11.4,-0.09,-0.79,2390.08,2683.078
600537.SH,20060724,3.54,3.54,3.36,3.53,3.58,-0.05,-1.4,10307.71,3578.764
600538.SH,20060724,2.8,2.82,2.74,2.82,2.85,-0.03,-1.05,30072.02,8392.65
600539.SH,20060724,4.45,4.52,4.34,4.51,4.5,0.01,0.22,8890.21,3957.282
600543.SH,20060724,5.99,6.3,5.8,6.22,6.06,0.16,2.64,14377.51,8735.399
600545.SH,20060724,4.05,4.05,3.94,3.99,4.09,-0.1,-2.45,17992.58,7185.844
600547.SH,20060724,26.19,26.49,25.81,26.27,27.2,-0.93,-3.42,15060.21,39536.541
600548.SH,20060724,3.69,3.83,3.58,3.82,3.72,0.1,2.69,17603.64,6548.789
600549.SH,20060724,13.8,14.1,13.55,13.98,14.03,-0.05,-0.36,9554.56,13234.216
600550.SH,20060724,18.08,18.48,17.74,18.14,18.49,-0.35,-1.89,28104.79,50874.04
600551.SH,20060724,5.67,5.7,5.46,5.7,5.79,-0.09,-1.55,4483.44,2521.386
600552.SH,20060724,3.15,3.21,3.1,3.15,3.15,0.0,0.0,31787.94,10053.123
600553.SH,20060724,3.12,3.18,3.03,3.18,3.15,0.03,0.95,41946.84,13082.454
600555.SH,20060724,4.68,4.71,4.53,4.7,4.77,-0.07,-1.47,13103.05,6092.243
600556.SH,20060724,3.56,3.85,3.51,3.79,3.56,0.23,6.46,96857.94,36106.826
600557.SH,20060724,7.0,7.38,6.8,7.36,7.1,0.26,3.66,22500.98,16226.928
600560.SH,20060724,6.98,7.04,6.78,6.95,7.03,-0.08,-1.14,10359.46,7123.156
600561.SH,20060724,5.18,5.44,5.15,5.38,5.32,0.06,1.13,33431.28,17683.878
600562.SH,20060724,5.1,5.11,4.9,5.04,5.2,-0.16,-3.08,14511.58,7287.049
600563.SH,20060724,9.5,9.63,9.2,9.45,9.63,-0.18,-1.87,7647.66,7238.765
600565.SH,20060724,6.35,6.36,6.0,6.29,6.44,-0.15,-2.33,12330.49,7659.465
600566.SH,20060724,4.5,4.65,4.5,4.61,4.61,0.0,0.0,5481.62,2500.502
600567.SH,20060724,3.08,3.1,3.02,3.08,3.11,-0.03,-0.96,32154.14,9856.842
600569.SH,20060724,2.24,2.25,2.22,2.24,2.27,-0.03,-1.32,63693.28,14207.458
600570.SH,20060724,6.18,6.21,5.81,6.2,6.27,-0.07,-1.12,11597.01,7028.795
600571.SH,20060724,4.36,4.36,4.2,4.34,4.44,-0.1,-2.25,27078.64,11584.914
600572.SH,20060724,9.2,9.3,9.0,9.2,9.2,0.0,0.0,5728.54,5239.885
600573.SH,20060724,6.0,6.28,5.87,6.27,6.06,0.21,3.47,29627.1,18301.084
600575.SH,20060724,6.45,6.55,6.38,6.55,6.58,-0.03,-0.46,7657.19,4939.148
600576.SH,20060724,5.35,5.49,5.19,5.45,5.42,0.03,0.55,3596.41,1919.306
600577.SH,20060724,7.68,8.1,7.5,8.02,7.82,0.2,2.56,14288.6,11309.163
600578.SH,20060724,5.04,5.35,4.91,5.27,5.13,0.14,2.73,115220.49,60083.567
600579.SH,20060724,4.19,4.54,4.1,4.45,4.3,0.15,3.49,54102.91,23435.15
600580.SH,20060724,6.58,6.7,6.4,6.63,6.68,-0.05,-0.75,13427.96,8787.411
600581.SH,20060724,2.75,2.77,2.71,2.75,2.77,-0.02,-0.72,15120.06,4149.574
600582.SH,20060724,19.09,19.5,18.61,19.44,19.22,0.22,1.14,6988.97,13221.459
600583.SH,20060724,23.0,23.28,22.52,23.05,23.3,-0.25,-1.07,15504.13,35589.309
600584.SH,20060724,8.79,8.98,8.66,8.9,8.88,0.02,0.23,21195.94,18709.649
600585.SH,20060724,14.25,14.25,13.5,13.89,14.26,-0.37,-2.59,24746.11,34200.171
600586.SH,20060724,5.79,6.38,5.71,6.24,5.93,0.31,5.23,106994.08,65424.761
600587.SH,20060724,5.3,5.44,5.25,5.41,5.38,0.03,0.56,7371.48,3941.548
600588.SH,20060724,20.1,20.25,19.9,20.22,20.37,-0.15,-0.74,10116.09,20324.061
600589.SH,20060724,7.05,7.3,6.96,7.3,7.11,0.19,2.67,14053.74,10084.594
600590.SH,20060724,9.21,9.69,9.21,9.63,9.57,0.06,0.63,7104.31,6768.29
600591.SH,20060724,2.56,2.57,2.49,2.55,2.59,-0.04,-1.54,75239.32,18984.068
600592.SH,20060724,11.3,11.48,10.3,11.41,11.43,-0.02,-0.18,9635.59,10698.914
600594.SH,20060724,10.35,10.35,9.99,10.13,10.38,-0.25,-2.41,12047.66,12215.267
600596.SH,20060724,10.24,10.24,10.05,10.15,10.34,-0.19,-1.84,19997.69,20269.39
600597.SH,20060724,7.73,8.25,7.64,7.87,7.63,0.24,3.15,229299.18,182861.262
600598.SH,20060724,4.45,4.66,4.35,4.62,4.45,0.17,3.82,454922.72,207792.392
600599.SH,20060724,5.89,6.3,5.81,6.15,6.03,0.12,1.99,12928.8,7873.378
600600.SH,20060724,11.68,11.81,11.5,11.78,11.82,-0.04,-0.34,21940.33,25644.037
600601.SH,20060724,3.87,3.88,3.78,3.85,3.89,-0.04,-1.03,158225.44,60716.554
600602.SH,20060724,3.21,3.3,3.21,3.29,3.3,-0.01,-0.3,31535.58,10255.931
600603.SH,20060724,2.21,2.21,2.14,2.19,2.23,-0.04,-1.79,18048.87,3923.184
600604.SH,20060724,3.26,3.36,3.15,3.34,3.29,0.05,1.52,21222.98,6968.983
600606.SH,20060724,5.23,5.85,5.11,5.82,5.32,0.5,9.4,222409.79,125565.952
600607.SH,20060724,7.45,7.54,7.05,7.53,7.63,-0.1,-1.31,45641.07,33032.552
600608.SH,20060724,3.81,3.84,3.7,3.83,3.85,-0.02,-0.52,19447.29,7312.234
600611.SH,20060724,7.69,7.9,7.49,7.76,8.01,-0.25,-3.12,86040.68,65785.737
600612.SH,20060724,6.97,6.99,6.75,6.9,7.16,-0.26,-3.63,23240.02,15931.631
600614.SH,20060724,5.7,5.7,5.5,5.7,5.43,0.27,4.97,12220.93,6931.619
600615.SH,20060724,5.89,5.92,5.72,5.73,5.77,-0.04,-0.69,19180.7,11100.143
600616.SH,20060724,13.7,14.8,13.69,14.49,13.61,0.88,6.47,56959.03,82164.887
600618.SH,20060724,5.13,5.15,5.02,5.13,5.19,-0.06,-1.16,4814.53,2451.409
600619.SH,20060724,6.93,7.25,6.69,7.23,7.03,0.2,2.85,13287.21,9496.799
600620.SH,20060724,2.9,3.1,2.82,3.03,2.92,0.11,3.77,53677.67,16056.482
600621.SH,20060724,3.37,3.51,3.28,3.51,3.39,0.12,3.54,163283.91,56263.818
600622.SH,20060724,4.17,4.28,4.05,4.26,4.17,0.09,2.16,24989.82,10557.158
600623.SH,20060724,6.68,6.68,6.3,6.56,6.75,-0.19,-2.81,9672.61,6315.398
600624.SH,20060724,3.76,3.76,3.66,3.73,3.81,-0.08,-2.1,19694.8,7298.334
600626.SH,20060724,2.94,2.98,2.89,2.98,2.97,0.01,0.34,19160.76,5647.064
600627.SH,20060724,16.82,17.45,16.78,17.34,17.07,0.27,1.58,7203.65,12372.823
600628.SH,20060724,8.3,8.72,8.21,8.68,8.5,0.18,2.12,45601.49,38975.547
600630.SH,20060724,3.4,3.4,3.28,3.39,3.44,-0.05,-1.45,50437.03,16805.351
600631.SH,20060724,8.08,8.78,7.94,8.72,8.17,0.55,6.73,254412.69,214274.804
600633.SH,20060724,6.98,7.23,6.82,7.04,7.17,-0.13,-1.81,7873.57,5546.993
600635.SH,20060724,3.47,3.5,3.38,3.44,3.49,-0.05,-1.43,100504.67,34578.33
600636.SH,20060724,7.45,7.67,7.3,7.61,7.59,0.02,0.26,28978.2,21930.775
600637.SH,20060724,4.1,4.13,4.0,4.08,4.16,-0.08,-1.92,38325.64,15544.743
600638.SH,20060724,5.01,5.05,4.92,5.03,5.08,-0.05,-0.98,15318.59,7657.852
600639.SH,20060724,7.79,8.12,7.55,8.06,7.93,0.13,1.64,47927.79,37794.769
600640.SH,20060724,5.5,5.56,5.16,5.51,5.6,-0.09,-1.61,9646.38,5251.862
600642.SH,20060724,5.68,5.74,5.6,5.72,5.72,0.0,0.0,92657.36,52381.925
600643.SH,20060724,6.8,6.8,6.36,6.5,7.07,-0.57,-8.06,111329.74,72366.416
600644.SH,20060724,5.0,5.05,4.9,5.03,5.06,-0.03,-0.59,13655.9,6810.701
600645.SH,20060724,2.86,3.03,2.85,2.99,2.9,0.09,3.1,20741.04,6111.463
600647.SH,20060724,7.38,7.47,7.2,7.41,7.45,-0.04,-0.54,1713.98,1262.765
600648.SH,20060724,6.4,6.49,6.28,6.42,6.61,-0.19,-2.87,17737.02,11325.813
600649.SH,20060724,5.12,5.26,5.06,5.25,5.17,0.08,1.55,58780.76,30513.318
600650.SH,20060724,7.4,7.73,7.28,7.68,7.48,0.2,2.67,9160.09,6933.612
600651.SH,20060724,10.0,10.16,9.75,10.07,10.15,-0.08,-0.79,53125.59,53023.571
600652.SH,20060724,3.8,3.87,3.7,3.85,4.02,-0.17,-4.23,54289.31,20669.086
600653.SH,20060724,2.18,2.21,2.13,2.2,2.2,0.0,0.0,78390.21,17038.871
600654.SH,20060724,2.39,2.39,2.32,2.38,2.41,-0.03,-1.24,29813.73,7039.965
600655.SH,20060724,10.09,10.5,9.9,10.35,10.27,0.08,0.78,26051.77,26884.338
600656.SH,20060724,2.96,3.07,2.87,3.02,2.96,0.06,2.03,61713.3,18558.735
600658.SH,20060724,3.06,3.15,2.92,3.13,3.11,0.02,0.64,25193.46,7781.567
600660.SH,20060724,8.0,8.24,7.75,8.12,8.04,0.08,1.0,42482.93,34397.111
600661.SH,20060724,7.98,8.06,7.8,8.0,8.09,-0.09,-1.11,4749.29,3766.213
600663.SH,20060724,7.99,8.05,7.76,8.0,8.07,-0.07,-0.87,40989.38,32536.713
600664.SH,20060724,6.53,6.61,6.43,6.6,6.61,-0.01,-0.15,5045.72,3285.101
600665.SH,20060724,3.39,3.54,3.39,3.52,3.53,-0.01,-0.28,17968.26,6263.731
600666.SH,20060724,3.78,3.94,3.67,3.94,3.83,0.11,2.87,16015.82,6140.607
600667.SH,20060724,2.98,2.98,2.71,2.9,3.0,-0.1,-3.33,31923.62,9198.311
600674.SH,20060724,4.51,4.84,4.37,4.76,4.57,0.19,4.16,118635.83,55179.49
600675.SH,20060724,5.75,5.88,5.71,5.77,5.92,-0.15,-2.53,76112.93,44038.309
600676.SH,20060724,3.86,3.94,3.78,3.91,3.92,-0.01,-0.26,36104.21,13917.146
600677.SH,20060724,7.44,8.15,7.44,8.15,7.41,0.74,9.99,129310.79,103277.976
600678.SH,20060724,3.57,3.68,3.57,3.63,3.68,-0.05,-1.36,21758.95,7920.776
600679.SH,20060724,3.96,4.0,3.86,3.99,4.0,-0.01,-0.25,12077.89,4735.664
600681.SH,20060724,1.58,1.66,1.56,1.65,1.6,0.05,3.13,23684.75,3834.517
600682.SH,20060724,9.5,9.5,9.25,9.29,9.5,-0.21,-2.21,3281.43,3065.394
600683.SH,20060724,4.15,4.4,4.05,4.34,4.23,0.11,2.6,30067.96,12798.738
600684.SH,20060724,4.94,5.47,4.81,5.37,4.97,0.4,8.05,105742.17,55416.525
600685.SH,20060724,9.69,9.74,8.98,9.49,9.76,-0.27,-2.77,60117.09,56286.078
600686.SH,20060724,10.5,11.19,10.43,11.05,10.72,0.33,3.08,3726.97,4060.037
600687.SH,20060724,4.6,4.7,4.51,4.59,4.71,-0.12,-2.55,18928.44,8683.657
600688.SH,20060724,5.66,5.82,5.63,5.75,5.73,0.02,0.35,84808.07,48708.378
600690.SH,20060724,4.36,4.36,4.29,4.34,4.38,-0.04,-0.91,35059.11,15120.681
600691.SH,20060724,3.07,3.24,2.98,3.22,3.13,0.09,2.88,5384.7,1701.417
600692.SH,20060724,3.75,3.9,3.68,3.85,3.82,0.03,0.79,26511.84,10079.723
600693.SH,20060724,8.8,9.18,8.6,8.97,8.8,0.17,1.93,6632.68,5934.672
600694.SH,20060724,37.7,38.97,37.7,38.03,38.49,-0.46,-1.2,13862.58,52974.021
600696.SH,20060724,2.55,2.69,2.45,2.64,2.59,0.05,1.93,49327.98,12831.068
600697.SH,20060724,9.18,9.34,9.01,9.26,9.27,-0.01,-0.11,9282.71,8528.161
600698.SH,20060724,2.98,3.07,2.93,3.01,3.07,-0.06,-1.95,31788.13,9595.543
600701.SH,20060724,4.25,4.38,4.15,4.35,4.34,0.01,0.23,11660.29,5025.378
600702.SH,20060724,4.74,5.03,4.61,4.99,4.81,0.18,3.74,113548.62,55884.708
600703.SH,20060724,2.68,2.75,2.61,2.72,2.71,0.01,0.37,13087.92,3501.937
600704.SH,20060724,3.4,3.44,3.35,3.44,3.47,-0.03,-0.86,16373.67,5576.309
600705.SH,20060724,1.61,1.65,1.58,1.64,1.63,0.01,0.61,62495.78,10106.439
600706.SH,20060724,4.04,4.07,3.98,4.05,4.07,-0.02,-0.49,7628.52,3063.655
600708.SH,20060724,5.03,5.42,5.0,5.37,4.94,0.43,8.7,137357.4,72851.288
600710.SH,20060724,4.39,4.44,4.22,4.39,4.48,-0.09,-2.01,71749.04,30931.908
600712.SH,20060724,7.35,7.7,7.0,7.5,7.5,0.0,0.0,15085.0,11130.514
600713.SH,20060724,3.9,3.96,3.72,3.93,3.96,-0.03,-0.76,14985.74,5802.877
600714.SH,20060724,7.2,7.44,7.18,7.24,7.47,-0.23,-3.08,15064.68,10948.677
600715.SH,20060724,2.08,2.1,1.98,2.04,2.0,0.04,2.0,84010.6,17280.216
600716.SH,20060724,2.45,2.59,2.4,2.54,2.49,0.05,2.01,105858.22,26655.291
600717.SH,20060724,8.14,8.14,7.93,8.03,8.26,-0.23,-2.78,151337.92,121348.342
600718.SH,20060724,12.48,12.67,12.0,12.28,12.61,-0.33,-2.62,19024.6,23436.579
600719.SH,20060724,4.92,4.92,4.77,4.88,4.96,-0.08,-1.61,8503.74,4123.255
600720.SH,20060724,2.51,2.68,2.51,2.67,2.59,0.08,3.09,33811.61,8815.033
600721.SH,20060724,3.58,3.58,3.46,3.46,3.64,-0.18,-4.95,6047.99,2101.535
600725.SH,20060724,4.92,5.12,4.8,5.07,5.01,0.06,1.2,10266.26,5098.064
600727.SH,20060724,3.8,3.97,3.7,3.96,3.87,0.09,2.33,59967.39,23301.244
600728.SH,20060724,3.51,3.59,3.51,3.59,3.69,-0.1,-2.71,17379.1,6159.004
600729.SH,20060724,9.55,9.72,9.31,9.6,9.54,0.06,0.63,5523.53,5282.674
600730.SH,20060724,4.01,4.18,3.84,4.17,4.03,0.14,3.47,19592.19,7939.228
600731.SH,20060724,2.76,2.85,2.75,2.84,2.88,-0.04,-1.39,20709.09,5816.212
600732.SH,20060724,4.62,5.06,4.51,4.86,4.62,0.24,5.19,187717.11,89758.919
600733.SH,20060724,4.81,5.04,4.71,4.99,4.91,0.08,1.63,26291.97,12840.456
600734.SH,20060724,1.82,1.91,1.78,1.88,1.83,0.05,2.73,22158.86,4123.787
600735.SH,20060724,3.85,4.12,3.76,4.1,3.92,0.18,4.59,56349.61,22729.049
600736.SH,20060724,5.01,5.08,4.91,5.07,5.11,-0.04,-0.78,22267.36,11144.303
600737.SH,20060724,4.8,4.88,4.61,4.84,4.82,0.02,0.41,26441.72,12684.599
600738.SH,20060724,3.37,3.83,3.26,3.83,3.48,0.35,10.06,303340.54,111391.902
600739.SH,20060724,12.7,12.99,12.2,12.9,12.87,0.03,0.23,18466.29,23312.047
600740.SH,20060724,8.1,8.1,7.91,8.02,8.17,-0.15,-1.84,15839.66,12680.735
600741.SH,20060724,2.86,2.87,2.81,2.86,2.88,-0.02,-0.69,27724.41,7868.881
600742.SH,20060724,4.22,4.23,4.09,4.16,4.31,-0.15,-3.48,39313.3,16346.107
600743.SH,20060724,3.47,3.57,3.39,3.53,3.51,0.02,0.57,9312.31,3266.643
600744.SH,20060724,3.02,3.15,2.92,3.14,3.05,0.09,2.95,223583.86,68446.384
600745.SH,20060724,1.86,1.96,1.83,1.95,1.87,0.08,4.28,20131.2,3879.56
600747.SH,20060724,2.16,2.22,2.12,2.2,2.2,0.0,0.0,115811.9,25225.584
600748.SH,20060724,7.17,7.37,7.06,7.24,7.35,-0.11,-1.5,49903.5,36211.353
600749.SH,20060724,9.76,9.78,9.05,9.69,9.94,-0.25,-2.52,7348.82,7051.162
600750.SH,20060724,9.0,9.36,8.85,9.32,9.1,0.22,2.42,8139.2,7480.336
600751.SH,20060724,3.3,3.44,3.2,3.41,3.37,0.04,1.19,17801.62,5992.591
600753.SH,20060724,3.42,3.59,3.26,3.5,3.42,0.08,2.34,13718.41,4738.426
600754.SH,20060724,9.16,9.67,9.05,9.57,9.37,0.2,2.13,25847.97,24400.616
600755.SH,20060724,5.42,5.42,5.13,5.33,5.48,-0.15,-2.74,71318.84,37551.043
600756.SH,20060724,6.65,6.75,6.35,6.75,6.75,0.0,0.0,12737.13,8433.338
600757.SH,20060724,3.06,3.15,2.95,3.14,3.06,0.08,2.61,23852.75,7374.538
600759.SH,20060724,1.7,1.76,1.68,1.75,1.74,0.01,0.57,6543.5,1135.454
600760.SH,20060724,2.02,2.08,1.98,2.06,2.02,0.04,1.98,34719.05,7109.399
600761.SH,20060724,13.78,13.78,13.46,13.68,13.85,-0.17,-1.23,11853.61,16127.768
600763.SH,20060724,4.53,4.64,4.45,4.59,4.6,-0.01,-0.22,2717.64,1232.153
600764.SH,20060724,5.75,5.9,5.7,5.81,5.89,-0.08,-1.36,18945.35,10972.133
600765.SH,20060724,6.17,6.25,6.05,6.21,6.22,-0.01,-0.16,5424.88,3305.414
600767.SH,20060724,3.5,3.56,3.42,3.46,3.5,-0.04,-1.14,14011.89,4893.865
600768.SH,20060724,8.1,8.1,7.72,7.89,8.15,-0.26,-3.19,24672.05,19394.265
600770.SH,20060724,8.96,9.35,8.8,9.31,9.09,0.22,2.42,27889.65,25544.898
600771.SH,20060724,9.35,9.72,9.12,9.6,9.34,0.26,2.78,9298.17,8705.296
600772.SH,20060724,1.78,1.84,1.73,1.82,1.82,0.0,0.0,24048.06,4297.209
600773.SH,20060724,2.72,2.76,2.7,2.76,2.78,-0.02,-0.72,10688.52,2921.673
600774.SH,20060724,8.45,8.56,8.15,8.31,8.67,-0.36,-4.15,35115.17,29335.486
600777.SH,20060724,3.44,3.45,3.36,3.44,3.48,-0.04,-1.15,26369.97,8996.509
600778.SH,20060724,3.02,3.19,2.81,3.15,3.08,0.07,2.27,56155.95,17352.432
600779.SH,20060724,7.64,8.13,7.51,8.08,7.8,0.28,3.59,63208.16,50287.764
600780.SH,20060724,3.0,3.13,2.93,3.09,3.04,0.05,1.64,86101.45,26156.074
600781.SH,20060724,4.17,4.17,3.99,4.05,4.2,-0.15,-3.57,11819.81,4754.701
600782.SH,20060724,4.93,5.01,4.87,5.0,5.01,-0.01,-0.2,5780.21,2867.493
600783.SH,20060724,3.38,3.59,3.37,3.55,3.5,0.05,1.43,18219.47,6336.351
600784.SH,20060724,2.81,2.88,2.77,2.86,2.86,0.0,0.0,13077.95,3688.416
600785.SH,20060724,11.59,12.25,11.59,12.19,11.65,0.54,4.64,17856.75,21571.896
600786.SH,20060724,22.0,22.0,21.68,21.84,22.27,-0.43,-1.93,13617.2,29681.869
600787.SH,20060724,5.33,5.46,5.19,5.44,5.43,0.01,0.18,41487.38,22029.265
600789.SH,20060724,4.45,4.57,4.4,4.53,4.57,-0.04,-0.88,40970.57,18417.289
600791.SH,20060724,5.57,6.1,5.42,6.0,5.62,0.38,6.76,36310.51,21477.124
600792.SH,20060724,4.31,4.52,4.24,4.46,4.4,0.06,1.36,12462.53,5403.065
600793.SH,20060724,7.54,7.85,7.4,7.63,7.6,0.03,0.39,6495.69,4940.264
600794.SH,20060724,4.41,5.01,4.39,5.01,4.55,0.46,10.11,54368.35,26816.434
600796.SH,20060724,4.32,4.39,4.28,4.34,4.42,-0.08,-1.81,13720.65,5948.845
600797.SH,20060724,4.04,4.11,3.93,4.06,4.11,-0.05,-1.22,99608.11,40152.091
600798.SH,20060724,3.58,3.8,3.46,3.78,3.51,0.27,7.69,99460.54,36513.729
600800.SH,20060724,2.99,3.11,2.98,3.11,2.96,0.15,5.07,103012.25,31592.299
600801.SH,20060724,5.84,6.22,5.77,6.1,5.94,0.16,2.69,21011.6,12801.486
600802.SH,20060724,3.51,3.64,3.47,3.64,3.54,0.1,2.82,20073.25,7196.296
600803.SH,20060724,4.02,4.05,3.88,4.04,4.1,-0.06,-1.46,62569.72,25024.616
600804.SH,20060724,6.8,6.8,6.3,6.64,6.86,-0.22,-3.21,14598.83,9558.251
600805.SH,20060724,3.94,3.94,3.71,3.78,3.71,0.07,1.89,82217.81,31316.866
600806.SH,20060724,6.85,6.85,6.63,6.79,6.89,-0.1,-1.45,6063.0,4086.726
600808.SH,20060724,2.6,2.6,2.55,2.58,2.61,-0.03,-1.15,44265.42,11393.611
600809.SH,20060724,15.08,16.1,14.52,15.89,15.17,0.72,4.75,22235.28,34417.738
600810.SH,20060724,4.5,4.6,4.44,4.56,4.56,0.0,0.0,14695.82,6655.898
600812.SH,20060724,3.06,3.07,2.94,3.03,3.09,-0.06,-1.94,53613.9,16206.722
600814.SH,20060724,5.34,5.74,5.1,5.6,5.4,0.2,3.7,112338.64,61995.035
600815.SH,20060724,4.42,4.49,4.21,4.44,4.51,-0.07,-1.55,92160.78,39893.368
600816.SH,20060724,4.0,4.1,3.85,4.08,4.07,0.01,0.25,29957.94,12109.171
600817.SH,20060724,12.34,12.88,12.06,12.8,12.38,0.42,3.39,6852.36,8669.595
600818.SH,20060724,7.76,7.76,7.55,7.65,7.82,-0.17,-2.17,4120.99,3143.064
600819.SH,20060724,4.1,4.1,3.98,4.06,4.12,-0.06,-1.46,7216.72,2910.028
600820.SH,20060724,4.21,4.42,4.14,4.4,4.28,0.12,2.8,77064.32,33403.624
600821.SH,20060724,5.98,6.13,5.87,6.12,6.08,0.04,0.66,36610.71,22009.027
600822.SH,20060724,8.48,8.96,8.26,8.8,8.64,0.16,1.85,23113.11,20175.466
600824.SH,20060724,6.45,6.84,6.32,6.82,6.52,0.3,4.6,178638.84,119390.401
600825.SH,20060724,12.3,12.3,11.92,12.27,12.28,-0.01,-0.08,7266.47,8802.616
600826.SH,20060724,5.1,5.26,5.03,5.24,5.26,-0.02,-0.38,33195.65,17076.308
600827.SH,20060724,7.56,7.91,7.42,7.87,7.68,0.19,2.47,35465.89,27446.898
600829.SH,20060724,10.31,10.54,10.02,10.41,10.5,-0.09,-0.86,4261.75,4419.306
600830.SH,20060724,5.06,5.22,4.9,5.15,5.17,-0.02,-0.39,60279.42,30437.484
600831.SH,20060724,15.01,15.15,14.81,15.05,15.2,-0.15,-0.99,2991.16,4491.065
600832.SH,20060724,10.76,10.85,10.56,10.78,10.96,-0.18,-1.64,140072.69,150012.014
600833.SH,20060724,4.28,4.36,4.18,4.35,4.36,-0.01,-0.23,9016.52,3843.396
600834.SH,20060724,6.08,6.3,5.9,6.26,6.14,0.12,1.95,35638.76,22108.745
600836.SH,20060724,5.8,5.85,5.6,5.84,5.85,-0.01,-0.17,10854.23,6207.456
600837.SH,20060724,5.86,6.31,5.86,6.31,5.74,0.57,9.93,47129.41,29223.283
600838.SH,20060724,3.58,4.0,3.49,4.0,3.64,0.36,9.89,385508.74,148726.034
600839.SH,20060724,3.33,3.33,3.28,3.33,3.36,-0.03,-0.89,51329.43,16973.109
600840.SH,20060724,10.6,10.62,10.3,10.51,10.82,-0.31,-2.87,15119.98,15792.215
600841.SH,20060724,7.35,7.35,7.14,7.3,7.42,-0.12,-1.62,3902.57,2814.635
600842.SH,20060724,3.46,3.5,3.35,3.43,3.51,-0.08,-2.28,8567.85,2940.806
600843.SH,20060724,5.3,5.44,5.1,5.41,5.36,0.05,0.93,8542.69,4533.653
600844.SH,20060724,8.28,8.3,8.02,8.28,8.24,0.04,0.49,1086.64,897.422
600845.SH,20060724,10.56,10.56,10.3,10.52,10.51,0.01,0.1,1678.01,1748.314
600846.SH,20060724,3.36,3.41,3.34,3.4,3.44,-0.04,-1.16,9755.88,3297.919
600847.SH,20060724,2.92,2.97,2.88,2.93,2.95,-0.02,-0.68,11165.4,3273.508
600850.SH,20060724,3.52,3.64,3.51,3.63,3.65,-0.02,-0.55,6906.31,2480.96
600851.SH,20060724,3.53,3.66,3.5,3.6,3.52,0.08,2.27,36850.79,13251.15
600854.SH,20060724,3.78,3.79,3.67,3.74,3.82,-0.08,-2.09,55916.97,20909.28
600855.SH,20060724,8.49,9.17,8.49,8.87,8.88,-0.01,-0.11,37006.98,32840.851
600858.SH,20060724,14.26,14.85,14.11,14.81,14.38,0.43,2.99,2491.61,3642.156
600859.SH,20060724,14.95,15.48,14.81,15.47,15.37,0.1,0.65,16458.06,25084.238
600860.SH,20060724,3.9,4.19,3.73,4.19,3.81,0.38,9.97,226393.77,91729.922
600861.SH,20060724,6.85,7.39,6.85,7.24,6.83,0.41,6.0,161162.5,115498.491
600862.SH,20060724,2.36,2.52,2.36,2.52,2.4,0.12,5.0,25080.42,6238.487
600863.SH,20060724,2.68,2.69,2.62,2.68,2.69,-0.01,-0.37,23599.43,6280.334
600864.SH,20060724,8.04,8.32,7.87,8.28,8.15,0.13,1.6,22680.31,18316.956
600865.SH,20060724,9.15,10.0,8.99,9.92,9.24,0.68,7.36,25163.2,24694.478
600866.SH,20060724,2.32,2.35,2.28,2.33,2.35,-0.02,-0.85,31894.18,7383.798
600867.SH,20060724,5.58,5.66,5.31,5.65,5.67,-0.02,-0.35,30035.72,16608.182
600869.SH,20060724,5.11,5.4,5.08,5.35,5.18,0.17,3.28,8470.71,4434.341
600871.SH,20060724,3.58,3.66,3.55,3.61,3.62,-0.01,-0.28,15285.9,5504.961
600872.SH,20060724,3.25,3.28,3.0,3.27,3.33,-0.06,-1.8,65855.04,21186.709
600873.SH,20060724,4.07,4.15,3.8,4.11,4.16,-0.05,-1.2,9528.18,3856.917
600874.SH,20060724,3.63,3.63,3.54,3.6,3.68,-0.08,-2.17,27554.48,9874.386
600875.SH,20060724,18.98,19.2,18.5,19.08,19.22,-0.14,-0.73,9146.06,17349.102
600876.SH,20060724,2.87,2.93,2.75,2.87,2.87,0.0,0.0,12067.67,3438.288
600879.SH,20060724,12.66,13.21,12.4,13.09,12.66,0.43,3.4,51307.78,66306.785
600880.SH,20060724,13.52,13.52,12.89,13.04,13.46,-0.42,-3.12,13284.0,17305.699
600882.SH,20060724,2.95,2.98,2.85,2.94,2.96,-0.02,-0.68,11745.54,3432.962
600883.SH,20060724,6.08,6.29,5.92,6.24,6.19,0.05,0.81,18558.61,11369.756
600884.SH,20060724,5.6,5.6,5.38,5.51,5.63,-0.12,-2.13,24789.48,13605.524
600886.SH,20060724,5.55,5.72,5.48,5.64,5.62,0.02,0.36,40159.18,22607.717
600887.SH,20060724,21.46,23.25,21.2,23.01,21.74,1.27,5.84,43276.23,97921.162
600888.SH,20060724,27.2,27.62,26.85,27.4,27.16,0.24,0.88,1864.37,5060.756
600889.SH,20060724,4.55,4.7,4.43,4.69,4.59,0.1,2.18,10023.91,4621.599
600890.SH,20060724,3.03,3.23,2.93,3.23,3.08,0.15,4.87,30281.64,9539.723
600891.SH,20060724,2.23,2.26,2.17,2.25,2.23,0.02,0.9,17402.4,3880.096
600892.SH,20060724,7.0,7.14,7.0,7.12,7.17,-0.05,-0.7,1124.1,794.463
600893.SH,20060724,7.07,7.52,6.94,7.51,7.29,0.22,3.02,42421.35,31129.284
600894.SH,20060724,2.4,2.4,2.36,2.38,2.41,-0.03,-1.24,31679.19,7521.944
600895.SH,20060724,4.97,5.14,4.85,5.1,4.85,0.25,5.15,429369.21,215203.554
600896.SH,20060724,3.68,3.7,3.58,3.69,3.7,-0.01,-0.27,13609.09,4979.117
600897.SH,20060724,7.55,7.57,7.43,7.49,7.66,-0.17,-2.22,11661.11,8714.204
600898.SH,20060724,4.9,5.28,4.77,5.28,4.8,0.48,10.0,67073.51,34377.906
600900.SH,20060724,6.23,6.36,6.15,6.33,6.24,0.09,1.44,174038.24,109649.25
600960.SH,20060724,5.59,5.66,5.51,5.65,5.68,-0.03,-0.53,7209.68,4032.566
600961.SH,20060724,7.34,7.44,7.18,7.36,7.54,-0.18,-2.39,41856.04,30603.489
600962.SH,20060724,5.57,5.61,5.42,5.57,5.65,-0.08,-1.42,11014.02,6081.661
600963.SH,20060724,6.0,6.32,5.91,6.23,6.09,0.14,2.3,22513.25,13970.386
600965.SH,20060724,3.13,3.16,3.08,3.14,3.18,-0.04,-1.26,33473.74,10424.529
600966.SH,20060724,5.84,5.91,5.72,5.9,5.88,0.02,0.34,63717.12,37030.655
600967.SH,20060724,5.3,5.5,5.11,5.49,5.42,0.07,1.29,22046.35,11777.837
600969.SH,20060724,4.5,4.51,4.36,4.5,4.52,-0.02,-0.44,16533.53,7334.878
600970.SH,20060724,20.7,20.71,20.13,20.5,21.11,-0.61,-2.89,11146.54,22776.879
600971.SH,20060724,8.81,8.94,8.65,8.88,8.88,0.0,0.0,8928.51,7869.482
600973.SH,20060724,6.99,7.12,6.8,7.12,7.12,0.0,0.0,24126.22,16949.89
600976.SH,20060724,5.8,5.85,5.65,5.82,5.85,-0.03,-0.51,11742.93,6765.739
600978.SH,20060724,8.75,9.1,8.63,8.97,8.98,-0.01,-0.11,24396.86,21753.801
600979.SH,20060724,7.01,7.08,6.9,7.05,7.12,-0.07,-0.98,10409.99,7289.175
600980.SH,20060724,5.8,6.04,5.71,5.93,5.76,0.17,2.95,20113.21,11902.324
600981.SH,20060724,4.21,4.24,4.12,4.21,4.26,-0.05,-1.17,8914.72,3714.631
600982.SH,20060724,3.85,3.9,3.7,3.9,3.91,-0.01,-0.26,9373.2,3583.148
600983.SH,20060724,3.2,3.28,3.1,3.27,3.22,0.05,1.55,30355.85,9767.491
600985.SH,20060724,5.67,5.67,5.45,5.59,5.75,-0.16,-2.78,14326.47,7956.394
600986.SH,20060724,4.55,4.6,4.35,4.58,4.58,0.0,0.0,8110.57,3661.495
600987.SH,20060724,3.45,3.51,3.39,3.49,3.52,-0.03,-0.85,21402.85,7384.527
600988.SH,20060724,4.82,4.97,4.78,4.93,4.87,0.06,1.23,4978.66,2428.713
600990.SH,20060724,11.19,11.68,11.01,11.68,11.18,0.5,4.47,10467.54,12016.68
600992.SH,20060724,4.65,4.67,4.5,4.64,4.7,-0.06,-1.28,15865.74,7272.408
600993.SH,20060724,26.98,26.98,26.51,26.8,27.17,-0.37,-1.36,4166.27,11116.085
600995.SH,20060724,10.29,10.8,10.05,10.62,10.33,0.29,2.81,30213.02,32146.652
600997.SH,20060724,7.08,7.14,7.0,7.1,7.17,-0.07,-0.98,34837.99,24586.581
601001.SH,20060724,9.5,9.5,9.06,9.2,9.58,-0.38,-3.97,117332.58,108208.653
601607.SH,20060724,5.24,5.34,5.21,5.32,5.22,0.1,1.92,54618.81,28789.51
601988.SH,20060724,3.48,3.49,3.45,3.46,3.51,-0.05,-1.42,667744.4,231387.116
T00018.SH,20060724,16.71,16.99,16.65,16.78,16.7,0.08,0.48,59055.3,99216.241
